offline_comment_id,class_id,user_id,offline_comment_content
1,1,554,í¬ìž¥ì€ ì–´ë–»ê²Œ ë˜ë‚˜ìš©?
2,1,555,ì»¬ëŸ¬ ì¤„ ë‘ê°œ í‘œì‹œ ê°€ëŠ¥í•œê°€ìš”?? ã…‡ã……ã…‡
3,1,556,ë’· ë°°ê²½ì„ ê²€ì •ìƒ‰ìœ¼ë¡œ ë°”ê¿€ ìˆ˜ëŠ” ì—†ë‚˜ìš”? ê¸€ì”¨ìƒ‰ì„ í°ìƒ‰ìœ¼ë¡œ í•˜ê³  ì´ëŸ°ì‹ìœ¼ë¡œìš” !
4,2,557,ì•ˆë…•í•˜ì„¸ìš” í˜¹ì‹œ 23ê°œ ì£¼ë¬¸ë„ ê°€ëŠ¥í•œê°€ìš”??
5,2,558,ë‹µë³€ ê°ì‚¬í•©ë‹ˆë‹¤ ê·¸ë ‡ë‹¤ë©´ í˜¹ì‹œ 23ê°œì— ê°ê° ì´ë¦„ê³¼ ë©˜íŠ¸ë¥¼ ë„£ì„ ì˜ˆì •ì¸ë° ê°€ëŠ¥í•œê°€ìš”?? ì¶”ê°€ ê¸ˆì•¡ì€ ì—†ëŠ”ê±´ì§€ ê¶ê¸ˆí•©ë‹ˆë‹¤!!
6,2,559,í•œë¬¸ìœ¼ë¡œë„ ê°ì¸ê°€ëŠ¥í•œê°€ìš”?
7,2,560,ì˜¤ëŠ˜ì£¼ë¬¸í•˜ë©´ 2/5 ì¶œê³ ê°€ëŠ¥í•˜ì‹¤ê¹Œìš”?
8,2,561,"í•œ ë©´ì— ì˜ì–´, í•œê¸€ ê°™ì´ ì ì–´ë„ ë˜ë‚˜ìš”?"
9,2,562,ì•ˆë…•í•˜ì„¸ìš” ì˜¤ëŠ˜ ë‚´ì¼ ì£¼ë¬¸í•˜ë©´ í˜¹ì‹œ ì–¸ì œì¦˜ ë°›ì„ ìˆ˜ ìžˆë‚˜ìš”?
10,2,563,ì•„ì•„ ë‹µë³€ê°ì‚¬í•©ë‹ˆë‹¤ ê·¸ëž˜ë„ ì˜¤ëŠ˜ ì£¼ë¬¸í•˜ë©´ í•œ ë©°ì¹ ì•ˆì—ëŠ” ë°°ì†¡ì´ëœë‹¤ëŠ” ë§ì”€ì´ì‹œì£ ?
11,2,564,13ì¼ì— ì£¼ë¬¸í–ˆëŠ”ë°..í˜¹ì‹œ ì–¸ì œ ë°›ì„ìˆ˜ ìžˆì„ê¹Œìš”? ì„ ë¬¼ì„ í•´ì•¼í•˜ëŠ”ê±°ë¼ì„œìš”..
12,2,565,í°íŠ¸í¬í‚¤ / í¬ìž¥ìƒìž í¬ê¸° ì•Œ ìˆ˜ ìžˆì„ê¹Œìš”??
13,2,566,"ìž‘ê°€ë‹˜, 19ì¼(ê¸ˆìš”ì¼)ì— ì£¼ë¬¸í•˜ë©´ ì–¸ì œ ë°›ì„ ìˆ˜ ìžˆì„ê¹Œìš”?"
14,3,567,ì™€..ì™„ì „í™”ë ¤ì‚ê¹Œë»”ë–¡ í•œê²Œ ì œìŠ¤íƒˆì´ì—ìš”...ê¼­ ì‚¬ì•¼ê² ì–´ìš”
15,3,568,í˜¹ì‹œ ê·¤íŒ©í† ë¦¬? ì—¬ê¸°ëž‘ ê°™ì€ì—…ì²´ì•„ë‹ˆì£ ?
16,3,569,ì•„í•˜ ê°ì‚¬í•©ë‹ˆë‹¤^^!!
17,3,570,"ì§ˆë¬¸ìžˆëŠ”ë°ìš”,, í˜¹ì‹œ ê·“ë°”í€´ë¶€ë¶„ ì™¼ìª½ë§Œ í”¼ì–´ì‹±ìœ¼ë¡œ ë³€ê²½ë„ ê°€ëŠ¥í•œê°€ìš”...?"
18,3,571,ìš°ì™€ì•„....ã… ã… ì•„ì§ ê·€ ëª»ëš«ì—ˆëŠ”ë° ëš«ê³ ì‹¶ê²Œ ë§Œë“œëŠ” ë¹„ì£¼ì–¼...ã… ã…  ë„ˆë¬´ ì´ì˜ë„¤ìš”â™¡â™¡!!!!
19,3,572,ê·“ë³¼ìª½ì— ë”°ë¡œ ê³ ì •ì‹œí‚¤ëŠ” ë³¼ê°™ì€ê±´ ì—†ëŠ”ê±´ê°€ìš”? ë­”ê°€ ë¶ˆì•ˆë¶ˆì•ˆí•´ì„œìš” ã… ã… ã… 
20,3,573,í˜¹ì‹œ ì²´ì¸ ì—†ëŠ” ë²„ì „ë„ ìžˆì„ê¹Œìš”??
21,3,574,ì‚¬ê³ ëŠ” ì‹¶ì€ë°... ì—„ë§ˆê°€ ì‚¬ì§€ë§ëž˜ìš”ã… ã… ã… 
22,3,575," ì˜¤ë¥¸ìª½ì´ë‚˜ ì™¼ìª½ì— ì´ ì œí’ˆ ì°©ìš©í•˜ê³ , ì•ˆë‚€ìª½ì— ì–´ìš¸ë¦¬ëŠ” ê·€ê±¸ì´ë‚˜ ë””ìžì¸ ì¶”ì²œê°€ëŠ¥í• ê¹Œìš”..?  "
23,3,576,"ì•„ì•„ì•—.. ë‚˜ë¹Œã…‡ë ˆë¼ ì°¾ì•„ë´¤ëŠ”ë° ë§Žì´ í™”ë ¤í• ê²ƒê°™ì€ë°, ì´ ì œí’ˆ ë‹¨ë…ìœ¼ë¡œ ì°©ìš©í•´ë„ ì´ìƒí•˜ì§€ì•Šì„ê¹Œìš”ã… ã… ? ê·¸ë¦¬êµ¬ ê°™ì´ ì°©ìš©í•´ë„ ë§Žì´ ì•ˆí™”ë ¤í• ê¹Œìš”? "
24,4,577,"ì•ˆë…•í•˜ì„¸ìš”, í˜¹ì‹œ ì›ë‹¨ ìž¬ì§ˆì„ ì•Œ ìˆ˜ ìžˆì„ê¹Œìš”?"
25,4,578,í‚¤ë§ ì¶”ê°€ ì˜µì…˜ì€ ì–´ë–»ê²Œ ì¶”ê°€ë˜ëŠ”ê±´ê°€ìš”~?
26,4,579,í‚¤ë§ì¶”ê°€ì˜µì…˜ ì´ë¯¸ì§€ ë³¼ìˆ˜ìžˆì„ê¹Œìš”?
27,4,580,ì´ê±¸ë¡œ ë°˜ì§€ê°‘ì€ ì•ˆë‚˜ì˜¤ë ¤ë‚˜ìš”?
28,4,581,ë‹¤í¬ë¸Œë¼ìš´ë¸”ë£¨ëŠ” ìž…ê³  ì•ˆë˜ë‚˜ìš”..?
29,4,582,ë‹¤í¬ë¸Œë¼ìš´ë¸”ë£¨ ìž¬ìž…ê³  ì•Œ ìˆ˜ ìžˆì„ê¹Œìš”~~?
30,4,583,ë©”ì„¸ì§€ í™•ì¸ì¢€ í•´ì£¼ì„¸ìš”!!!
31,4,584,ë¯¼íŠ¸í¼í”Œ ì–¸ì œ ìž…ê³ ë ê¹Œìš”ã…œã…œ
32,4,585,ì˜¤ë Œì§€ë¯¼íŠ¸ì–¸ì œì¯¤ ì£¼ë¬¸ ê°€ëŠ¥í• ê¹Œìš”
33,5,586,ì•ˆë…•í•˜ì„¸ìš”. ì•„ì´í° 7 ë²”í¼ì¼€ì´ìŠ¤ ê°€ëŠ¥í•œê°€ìš”? :]
34,5,587,ê°¤ëŸ­ì‹œ S9í”ŒëŸ¬ìŠ¤ ê°€ëŠ¥í•œê°€ìš”?
35,5,588,LG Q9 ë„ê°€ëŠ¥í•œê°€ìš”?
36,5,589,ì•ˆë…•í•˜ì„¸ìš”~ ê°¤ëŸ­ì‹œ Jean2 ê¸°ì¢… ê°€ëŠ¥í•œê°€ìš©?
37,5,590,ì•„ì´í°12pro ë²”í¼ì¼€ì´ìŠ¤ ì¹´ë“œ 2ìž¥ ìˆ˜ë‚© ê°€ëŠ¥í•œê°€ìš”?
38,5,591,ì•„ì´í° 12ë¯¸ë‹ˆ ì‚¬ìš© ì¤‘ì¸ë°ìš”. ì¼€ì´ìŠ¤ ì—†ì´ ì¹´ë“œí¬ì¼“ë§Œ êµ¬ë§¤í•˜ë©´ ë¶€ì°©í•  ìˆ˜ ìžˆë‚˜ìš”? í¬ì¼“ ì‚¬ì´ì¦ˆë¥¼ ë³´ë‹ˆ ì• ë§¤í•´ì„œ ë¬¸ì˜ë“œë¦½ë‹ˆë‹¤.
39,5,592,ê°™ì´ ìžˆëŠ” ì—ì–´íŒŸ ì¼€ì´ìŠ¤ëŠ” ì–´ë””ì„œ êµ¬ë§¤í•˜ë‚˜ìš”? í”„ë¡œì—ìš”
40,5,593,a31ê°¤ëŸ­ì‹œ ë˜ë‚˜ìš”
41,5,594,ê·¸ë¦½í†¡ ìžì„ ê°€ëŠ¥í•œê°€ìš©
42,5,595,ì¹´ë“œì¼€ì´ìŠ¤ ì ‘ì°© 3Mì¸ê°€ìš”? ê·¸ëƒ¥ ìŒ© íœ´ëŒ€í°ì— ë¶™ì´ë ¤ê³ í•˜ëŠ”ë° ë‚˜ì¤‘ì— ë–¼ì–´ë„ ëˆëˆì´ ì•ˆë‚¨ì„ê¹Œìš”?
43,6,596,ì˜¤ëŠ˜ ì£¼ë¬¸í•˜ë©´ 10ì¼ê¹Œì§€ ë°›ì„ìˆ˜ ìžˆì„ê¹Œìš”?
44,6,597,ì˜¤ëŠ˜ì£¼ë¬¸í•˜ë©´ ì–¸ì œ ë°›ì„ìˆ˜ ìžˆë‚˜ìš”~~~?
45,6,598,ì•ˆë…•í•˜ì„¸ìš” ì§€ê¸ˆ ì£¼ë¬¸í•˜ë©´ ì œì¼ ë¹¨ë¦¬ ì–¸ì œë°›ì„ìˆ˜ìžˆë‚˜ìš”?
46,6,599,í˜¹ì‹œ ì§€ê¸ˆ ì‹œí‚¤ë©´ 12ì¼ ì „ì— ë°›ì„ ìˆ˜ ìžˆì„ê¹Œìš”?ã…œã…œ
47,6,600,ì˜¤ëŠ˜ì£¼ë¬¸ì‹œ ëŠ¦ì–´ë„ ëª©ìš”ì¼ì— ë°›ì„ìˆ˜ìžˆì„ê¹Œìš”ã… ã… ã… 
48,6,601,ì•„ì§ ìˆ˜ë ¹ì¼ì´ ë§Žì´ ë‚¨ì•„ì„œ ì£¼ë¬¸ì€ í•˜ì§€ ì•Šì•˜ëŠ”ë° í˜¹ì‹œ í”½ì—…í•˜ê²Œ ëœë‹¤ë©´ ìž¥ì†Œê°€ ì–´ë””ì¸ì§€ ì•Œ ìˆ˜ ìžˆì„ê¹Œìš©??
49,6,602,ì•ˆë…•í•˜ì„¸ìš”. ì˜¤ëŠ˜ 4ê°œ ì£¼ë¬¸í•˜ë©´ ë‚´ì¼ì´ë‚˜ ìˆ˜ìš”ì¼ ì•„ì¹¨ì— ë°›ì„ìˆ˜ ìžˆì„ê¹Œìš”ðŸ˜¢
50,6,603,ì œê°€ ìˆ˜ë ¹í•´ì„œ íƒë°°ë¡œ ë³´ë‚´ì£¼ë ¤ê³  í•˜ëŠ”ë° ê´œì°®ì„ê¹Œìš”?
51,6,604,ì•ˆë…•í•˜ì„¸ìš” í˜¹ì‹œ 17ì¼ë‚  ìˆ˜ë ¹ì€  ë§ˆê°ëœê±´ê°€ìš”?
52,6,605,22ì¼ë‚  ìˆ˜ë ¹ì€ ì•ˆë˜ë‚˜ìš”?
53,7,606,"ìž‘ê°€ë‹˜ ì˜¤ëŠ˜ ê°€ë°© ë°›ì•˜ëŠ”ë° ì •ë§ ë§Œì¡±ìŠ¤ëŸ¬ì› ì–´ìš”!! íŠ¹ížˆ ìƒê°í–ˆë˜ê²ƒ ë³´ë‹¤ ì‚¬ì´ì¦ˆë„ í¬ê³  ë¶€ë“œëŸ¬ìš´ ì²œì´ì§€ë§Œ ì „í˜€ ì•½í•œê²ƒ ê°™ì§€ ì•Šì•„ ì˜¤ëž˜ ì“¸ ìˆ˜ ìžˆì„ê²ƒ ê°™ì•„ ì¢‹ì•˜ì–´ìš”ã…Žã…Ž
ìƒìž ë”± ì—´ì—ˆì„ ë•Œ ì—ì½”ë°±ì—ì„œ ë‚˜ëŠ” í–¥ê¸°ê°€ ë„ˆë¬´ ì¢‹ì€ë° ì–´ë–¤ í–¥ìˆ˜ ì“°ì…¨ëŠ”ì§€ ì•Œ ìˆ˜ ìžˆì„ê¹Œìš”? ê·¸ë¦¬ê³  ë˜ êµ¬ë§¤í•˜ê²Œ ëœë‹¤ë©´ í¬ë¡œìŠ¤ëˆ ì¶”ê°€í•  ìˆ˜ ìžˆëŠ”ì§€ ê¶ê¸ˆí•©ë‹ˆë‹¤!"
54,7,607,ìž‘ê°€ë‹˜ ì•ˆë…•í•˜ì„¸ìš” ì‡¼í•‘ë°± s ëž‘ L ì°¨ì´ëŠ” ë­”ê°€ìš”? ë‘˜ë‹¤ ê°€ë°©ì´ ë“¤ì–´ê°€ê¸´í•˜ëŠ”ê±°ì£ ?
55,7,608,ìž‘ê°€ë‹˜ ì•ˆë…•í•˜ì„¸ìš” ì €ë‘ ì—ì½”ë°± ì¢…ë¥˜ë³„ ì°¨ì´ê°€ ê¶ê¸ˆí•©ë‹ˆë‹¤!
56,7,609,í˜¹ì‹œ ìƒí™œë°©ìˆ˜ê°€ ë˜ë‚˜ìš”?
57,7,610,ì•ˆë…•í•˜ì„¸ìš”! ì¹œêµ¬ê°€ ì´ ì œí’ˆì„ ìƒì¼ì„ ë¬¼ë¡œ ì¤˜ì„œ ìž˜ ì“°ê³ ìžˆì–´ìš”! ì“¸ë•Œë§ˆë‹¤ ì¢‹ì€í–¥ì´ë‚˜ì„œ ë„ˆë¬´ ê¶ê¸ˆí–ˆê±°ë“ ìš”..! í˜¹ì‹œ ì•Œë ¤ì£¼ì‹¤ìˆ˜ìžˆë‚˜ìš”??
58,7,611,"ìž‘ê°€ë‹˜, ì£¼ë¬¸í•œ ê°€ë°© ìž˜ ë°›ì•˜ìŠµë‹ˆë‹¤~>_<
ì§„ì§œ ê°€ë°©ì—ì„œ í–¥ê¸°ê°€ ë‚˜ë„¤ìš”!!â™¡3â™¡
ì–´ë–¤ í–¥ê¸°ì¸ì§€, ì–´ë–¤ ì œí’ˆì¸ì§€ ì•Œë ¤ì£¼ì‹¤ ìˆ˜ ìžˆì„ê¹Œìš”??ðŸ˜­ðŸ˜­
"
59,7,612,ì €ë„ ì¢…ë¥˜ë³„ ì°¨ì´ëž‘ íë¬¼íë¬¼í•œ ìž¬ì§ˆì¸ì§€ ë¬¸ì˜ë“œë ¤ìš”
60,7,613,17ì¸ì¹˜ ë…¸íŠ¸ë¶ì€ ì•ˆ ë“¤ì–´ê°ˆê¹Œìš”? ì„¸ë¡œë¡œ ë“¤ì–´ê°€ë„ ë©ë‹ˆë‹¤
61,7,614,15ì¸ì¹˜ ë…¸íŠ¸ë¶ ë“¤ì–´ê°€ëŠ” í¬ê¸°ë©´ A4ì‚¬ì´ì¦ˆë„ ë“¤ì–´ê°€ëŠ”ê±° ë§žì£ ?!
62,7,615,A4 ì‚¬ì´ì¦ˆê°€ ë“¤ì–´ê°€ëŠ”ì§€ ê¶ê¸ˆí•˜ë„¤ìš”!
63,8,616,ì›Œí„°ì‰ì´í¬ë¥¼ ì•ˆí•´ë„ ìƒê´€ì—†ë‚˜ìš”?
64,8,617,ì•ŒíŒŒë²³ ë¬¸êµ¬ë¥¼ ìž‘ì„±í•˜ëŠ” ì¹¸ì€ ì–´ë””ìžˆë‚˜ìš”??
65,9,618,ì¼ë³¸ì–´ì‚¬ìš© ì§€ì–‘í•´ì£¼ì„¸ìš”ã… ã… ì˜¤ë‹ˆê¸°ë¦¬xxxxx
66,9,619,ì¤‘ê°„ì— ì˜¤ë‹ˆê¸°ë¦¬..ìˆ˜ì • ì•ˆëì–´ìš”....ã… 
67,9,620,ì •ë§ ì§­ì§¤í•˜ê²Œ ìƒê²¼ë„¤ìš”! ë™ê·¸ë¼ë¯¸ ëª¨ì–‘ìœ¼ë¡œ ë‚˜ì™€ë„ ì •ë§ ê·€ì—¬ìš¸ê²ƒ ê°™ì•„ìš”ã… ã… 
68,9,621,ê°„ìž¥ë§›ì€ ì™•ì‚¼ê°ê¹€ë°¥ ì‚¬ì´ì¦ˆë¡œ ì œìž‘ ì•Šë˜ë‚˜ìš”?ã… .ã… 
69,9,622,ì¼ë°˜ ì‚¬ì´ì¦ˆì— ê°¤ëŸ­ì‹œ ë²„ì¦ˆ ë“¤ì–´ê°€ê² ì£ ?
70,10,623,ë¬¸êµ¬ëŠ” ëª‡ ìžê¹Œì§€ ë˜ë‚˜ìš”?
71,10,624,ìž‘ê°€ë‹˜ ì•ˆë…•í•˜ì„¸ìš” zí”Œë¦½ í˜¹ì‹œ ì ¤ë¦¬ ì¼€ì´ìŠ¤ë„ ìžˆì„ê¹Œìš”?
72,10,625,2ì›” 1ì¼ì— ì£¼ë¬¸í–ˆëŠ”ë° ì–¸ì œì¯¤ ë°°ì†¡ë˜ëŠ”ì§€ ì•Œìˆ˜ ìžˆì„ê¹Œìš”??
73,10,626,ì§€ê¸ˆ ì£¼ë¬¸í•˜ë©´ ì„¤ ì „ì— ëª» ë°›ì•„ ë³´ë‚˜ìš”??ã… 
74,10,627,1ì›”28ì¼ë‚  ì£¼ë¬¸í–ˆëŠ”ë° ì–¸ì œì¯¤ ë°›ì„ìˆ˜ ìžˆì„ê¹Œìš”?í˜¹ì‹œ ì„¤ë‚ ì§€ë‚˜ì„œ ë°›ëƒìš”?
75,10,628,ë¸”ëž™ë„ ì ¤ë¦¬ì¼€ì´ìŠ¤ê°€ ìžˆë‚˜ìš” ?
76,10,629,1ì›” 28ì¼ ì£¼ë¬¸í–ˆëŠ”ë° ë°°ì†¡ ì‹œìž‘ë˜ì—ˆì„ê¹Œìš”?
77,10,630,Galaxy A30 ê°€ëŠ¥í•œê°€ìš”?
78,10,631,ìž‘ê°€ë‹˜ í˜¹ì‹œ ìƒ¤ì˜¤ë¯¸ í™ë¯¸ë…¸íŠ¸8í”„ë¡œ ê¸°ì¢…ë„ ì œìž‘ ê°€ëŠ¥í• ê¹Œìš”?????
79,10,632,2ì›”15ì¼ ì£¼ë¬¸í–ˆëŠ”ë° ì–¸ì œ ë°›ì„ ìˆ˜ ìžˆì„ê¹Œìš”?
80,11,633,ìƒì†Œì„¸ì§€ëž‘ ë§¤ì½¤ ì†Œì„¸ì§€ ê°™ì´ ì£¼ë¬¸í•˜ë ¤ê³ í•˜ëŠ”ë° ì–´ë–»ê²Œ ì£¼ë¬¸í•´ì•¼ã…˜ë‚˜ìš”
81,11,634,ìž¥ë°”êµ¬ë‹ˆì— ë‹´ì•„  ì£¼ë¬¸í•˜ì‹¬ ë©ë‹ˆë‹¤^^
82,11,635,ì„ ë¬¼í•˜ë ¤í•˜ëŠ”ë° í˜¹ì‹œ íƒë°°ì— ë³´ê´€ë°©ë²• ì¡°ë¦¬ë°©ë²• ì ížŒ ì¢…ì´ê°™ì€ê²Œ ê°™ì´ ë°°ì†¡ë˜ë‚˜ìš”???
83,11,636,ì„ ë¬¼ë¡œ ì—¬ëŸ¬ê°œì£¼ë¬¸í•˜ë ¤ëŠ”ë° ì „í™”ë¬¸ì˜ëŠ” ì•ˆë˜ë‚˜ìš”~~
84,11,637,í•´ë™ìƒíƒœì—ì„œëŠ” ìœ í†µê¸°í•œì´ ì–´ëŠì •ë„ë ê°€ìš”?
85,11,638,ì–´ë”” íƒë°°ë¡œ ë³´ë‚´ì‹œë‚˜ìš”?
86,11,639,ë°©ê¸ˆíƒë°°ë°›ì•˜ëŠ”ë° ì†Œì„¸ì§€ëŠ”ì•ˆì˜¤ê³  ìŠ¤í…Œì´í¬ë§Œì™”ëŠ”ë° ë°°ì†¡ì´ë”°ë¡œì˜¤ë‚˜ìš”?
87,11,640,23ì¼ì£¼ë¬¸í–ˆëŠ”ë° 28ì¼ì˜¤ëŠ˜ê¹Œì§€ ë°°ì†¡í•˜ì§€ë„ì•Šê³ ...
88,11,641,ì§€ê¸ˆ ì£¼ë¬¸í•˜ë©´ ì–¸ì œì¯¤ ë°›ì„ìˆ˜ìžˆì„ê¹Œìš”?ì§€ê¸ˆ ì£¼ë¬¸í•˜ë ¤ëŠ”ë°  ë°°ì†¡ì´ ì–¼ë§ˆë‚˜ ê±¸ë¦¬ëŠ”ì§€ ì•Œì•„ì•¼ ì£¼ë¬¸ì„ í• ìˆ˜ ìžˆì„ê²ƒ ê°™ì•„ì„œìš” ë¹ ë¥¸ ë‹µë³€ ë¶€íƒë“œë ¤ìš”
89,11,642,í•œíŒ©ì— ëª‡ê°œ ë“¤ì–´ìžˆë‚˜ìš”??
90,12,643,ì£¼ì†Œë³€ê²½ê±´ìœ¼ë¡œ ë©”ì„¸ì§€ ë“œë ¸ìŠµë‹ˆë‹¤! í™•ì¸ ë¶€íƒë“œë ¤ìš”
91,12,644,ë¶€ì‚°ì€ ì£¼ë¬¸í• ìˆ˜ìžˆë‚˜ìš”?
92,12,645,ë¹„ì—”ë‚˜ì†Œì‹œì§€ ëŒ€ì‹  ì–´ë¬µì±„ì†Œë³¶ìŒìœ¼ë¡œ ì£¼ì‹œë©´ ê°ì‚¬í•˜ê² ìŠµë‹ˆë‹¤
93,12,646,ë°°ì†¡ì´ ì–¼ë§ˆë‚˜ ê±¸ë¦¬ë‚˜ìš”? í˜¹ì‹œ ì„¤ë•Œë¬¸ì— í•˜ë£¨ë°°ì†¡ ì•ˆë˜ë‚˜ í•´ì„œìš”
94,12,647,ì‹œëž˜ê¸°ëœìž¥ ë‹¤ë¥¸ ë°˜ì°¬ìœ¼ë¡œ ë°”ê¿€ ìˆ˜ ìžˆë‚˜ìš”??
95,12,648,2/4ë„ì°©ìœ¼ë¡œ ì£¼ë¬¸í–ˆëŠ”ë° ë‹¹ì¼ ì˜¤í›„ 7ì‹œ 25ë¶„ê¹Œì§€ë„ ë°›ì§€ ëª»í–ˆìŠµë‹ˆë‹¤. í˜¹ì‹œ ë°˜ì°¬ì´ ìƒí•˜ê±°ë‚˜ í• ë•Œì—ëŠ” ì–´ë–»ê²Œ í•©ë‹ˆê¹Œ.?
96,12,649,ì˜¤ëŠ˜ ì—…ëŽƒ ëœë‹¤ ë˜ì–´ìžˆëŠ”ë° ì–¸ì œ ì—…ëŽƒë˜ë‚˜ìš”?
97,12,650,"ì–´ë–»ê²Œ ì£¼ë¬¸í•˜ëŠ”ê±´ê°€ìš”?
ë§¤ì£¼ ë°˜ì°¬ì´ ë°”ë€ŒëŠ”ê±´ê°€ìš”?
Aì„¸íŠ¸ê°€ ì¼ì£¼ì¼ë§ˆë‹¤ ë³€ë™ëœë‹¤ëŠ”ê±´ê°€ìš”?
ìžì„¸í•œ ì„¤ëª…ì´ ë¶€ì¡±í•´ì„œìš”ã… 
ìƒˆë²½ë°°ì†¡ì€ ë°°ì†¡ë¹„ì—ì„œ ì¶”ê°€ì²œì› ë” ìžˆë‹¤ëŠ”ê±°ì£ ?"
98,12,651,"ì£¼ë¬¸í–ˆì–´ìš”
ë¬´ë§ëž­ì´ë¬´ì¹¨ì„ ë¯¸ì—­ì¤„ê¸°ë³¶ìŒìœ¼ë¡œ êµì²´í¬ë§í•©ë‹ˆë‹¤."
99,12,652,ì†Œì„¸ì§€ì£¼ë¨¹ë°¥ ë‘ê°œëŠ” ëª»ì‹œí‚¤ë‚˜ìš”?
100,13,653,ë„ˆë¬´ ê°„íŽ¸í•˜ê³  ë§›ìžˆê²Œ ë¨¹ì—ˆìŠµë‹ˆë‹¤~ ì™„ì œí’ˆ êµ­ì„ ì´ë ‡ê²Œ ê°„íŽ¸í•˜ê²Œ ë¨¹ì„ìˆ˜ìžˆë‹¤ë‹ˆ ì¢‹ì•„ìš” ìž…ì ê¸°ë…í• ì¸ê¹Œì§€~ã…Ž 1ì¸ê°€êµ¬ëŠ” 2ë²ˆì´ìƒ ë¨¹ì„ ì–‘ì´ë¼ì„œ ë„‰ë„‰í•˜ë‹ˆ ì¢‹ì•„ìš” ã…Ž
101,13,654,êµ­ë°¥ì„ ì¢‹ì•„í•´ì„œ ~ ì§€ê¸ˆê¹Œì§€ ê°€ìž¥ ì •ì„±ê³¼ ë§›ì´ ë‹´ê¸´ ì´ì¡°ê³°íƒ•ë§Œ ë¨¹ì—ˆëŠ”ë° ê°€ê²©ì€ 3ë°°ì •ë„ ë§›ì— ê±¸ ë§žê²Œ ë¹„ìŒ‰ë‹ˆë‹¤. ì´ ë²ˆì—  í•œìš° ìš°ê±°ì§€êµ­ë°¥ì„ ìš°ì—°ížˆ êµ¬ë§¤ ë§›ì„ ë³´ê³  ê¹œì§ ë†€ëžìë‹ˆë‹¤.  ì´ ì •ë„  ë§›ê³¼ ì •ì„±ì´ ëŠê»´ì§€ê³   ê°€ê²©ê¹Œì§€ ë‚®ë‹¤ë‹ˆ ê¹œì§ ë†€ëžìë‹ˆë‹¤. ì €ëŠ” ë¶€ì‚°ì—ì„œ ì‚¬ì—…í•˜ëŠ” ì‚¬ëžŒì´ë¼  ì•„ì¹¨ì„ ê¼­ ë¨¹ëŠ” ê´€ê³„ë¡œ  ì£¼ìœ„ ë¶„ë“¤ê»˜ ê°•ì¶”í•  ìƒê°ìž…ë‹ˆë‹¤.  ì¢‹ì€ ìŒì‹ ë§›ìžˆê²Œ ë¨¹ì—ˆìë‹ˆë‹¤.. ê³„ì† í’ˆì§ˆì„ ìœ ì§€í•´ ì£¼ì„¸ìš”~~^
102,13,655,ã…Žã…Ž ì§€ê¸ˆ ë‘ ì§€ì¸ë“¤ í•œí…Œ ë‹¤ì„¯íŒ©ì”© ê¶Œìœ í•œë‹¤ê³  ì£¼ë¬¸í–ˆìë‹ˆëŒœ
103,13,656,í•œíŒ©ì— ì–‘ì´ ì–´ëŠì •ë„ ë ê¹Œìš”?
104,13,657,15ì¼ì—ì£¼ë¬¸í–ˆëŠ”ë° ì–¸ì œì¯¤ ë°°ì†¡ ë ê¹Œìš”~?
105,13,658,ì—°ì´ë‹˜ ëŒ“ê¸€ì„ ì´ì œì•¼ í™•ì¸í–ˆë„¤ìš”. ë°›ìœ¼ì…¨ì§€ìš”? ì—°íœ´ë™ì•ˆ ì£¼ë¬¸ì´ ëª°ë ¤ì„œ ìˆ˜ì œì´ë‹¤ë³´ë‹ˆ ìƒì‚°ì–‘ì´ í•œê³„ê°€ ìžˆì–´ì„œ ë°°ì†¡ì´ ì¢€ ëŠ¦ì—ˆì–´ìš”^^~ ë§›ìžˆê²Œ ë“œì…¨ìœ¼ë©´ ì¢‹ê² ìŠµë‹ˆë‹¤^^
106,14,659,ì£¼ì†Œì§€ ë³€ê²½ ë©”ì„¸ì§€ ë“œë ¸ì–´ìš”~ í™•ì¸ë¶€íƒë“œë ¤ìš”
107,14,660,ë©”ì„¸ì§€ ë“œë ¸ëŠ”ë° í™•ì¸ ë¶€íƒë“œë¦½ë‹ˆë‹¤ :)
108,14,661,í˜¹ì‹œ 4~5ëª…ì´ì„œ ë¨¹ì„ê±°ë©´ 2ê°œ ì£¼ë¬¸í•˜ëŠ”ê²Œ ë§žì„ê¹Œìš” ??
109,14,662,ëƒ‰ë™ë³´ê´€ ê°€ëŠ¥í•œê°€ìš”?
110,14,663,ì–¼í°íƒ•ì€ ë§¤ìš´ê°€ìš”? ë¼ë©´ìœ¼ë¡œ ì¹˜ë©´ ì–´ëŠìž¥ë„ì¸ê°€ìš”?/ í˜¹ì‹œ ì–¼í°íƒ• ì‹œì¼œì„œ ë§¤ìš´ë§› ì•ˆë§¤ìš´ë§› ë‘ë²„ì ¼ìœ¼ë¡œ ë¨¹ì„ìˆ˜ ìžˆë‚˜ìš”?
111,14,664,ì•„ë²„ì§€ê°€ ìœ„ê°€ì•ˆì¢‹ìœ¼ì…”ì„œ ì•½ê°„ì´ë¼ë„ ë§¤ìš´ê±´ ëª»ë“œì‹œëŠ”ë° í˜¹ì‹œ ë§‘ì€íƒ•ì€ ë§¤ìš¸ê¹Œìš”?
112,14,665,"30ì¼ ì €ë… 8ì‹œì¯¤ ì£¼ë¬¸í–ˆê±°ë“ ìš”
ë‚´ì¼ ì¶œë°œì´ë©´ 1ì›”1ì¼ì€ ë°°ì†¡ì´ ì•ˆë˜ê³  í† ìš”ì¼ì— ë°›ì„ ê²ƒ ê°™ì€ë°(ìž˜ëª»í•˜ë©´ í† ìšœì—ë„ ëª»ë°›ì„ ìˆ˜ ìžˆì„ ë“¯)
ëª‡ì¼ë™ì•ˆ íƒë°°ì‚¬ì— ìžˆì–´ë„ ë˜ë‚˜ìš”?
ì°¨ë¼ë¦¬ ì›”ìš”ì¼ì— ë°°ì†¡í•´ì£¼ì‹œëŠ” ê²Œ ë‚˜ì„ ê²ƒ ê°™ì€ë° ì–´ë–»ê²Œ í•´ì•¼ í• ê¹Œìš”?
"
113,14,666,ì´ê±° í˜¹ì‹œ ë¬¼ ë¶“ê³  ë Œì§€ì— ëŒë ¤ë„ ë˜ë‚˜ìš”?? ë„ì‹œë½ ìœ¼ë¡œ ë¨¹ìœ¼ë ¤ê³ í•˜ëŠ”ë°
114,14,667,"ì˜¤ëŠ˜ ì‹êµ¬ë“¤ë¼ë¦¬ ëª¨ì—¬ì•‰ì•„ ì •ë§ ë§›ë‚˜ê²Œ ìž˜ ë¨¹ì—ˆë„¤ìš”~
ê°ì¹ ë§›ì— êµ­ë¬¼ì´ ë„ˆë¬´ ì¢‹ì•˜ì–´ìš”~~
ìž¬êµ¬ë§¤ í• ë“¯ìš”^^"
115,15,668,ì œì¡°ì¼ìžê°€ 9ì›” 10ì¼ì´ì˜€ëŠ”ë° ì œì¡°ì¼ë¡œë¶€í„° 5ì¼ê¹Œì§€ë˜ëŽ… í–¥ì´ëž‘ ë§›ë´ë³´ë‹ˆê¹Œ ì´ìƒì—†ëŠ”ê±°ê°™ì•„ì„œ ê± ë¨¹ì—‡ê±°ë“ ìš©...? ì œì¡°ì¼ìžê°€ ì§§ì€ ì´ìœ ê°€ ë¬´ì—‡ì¸ê°€ìš”...?
116,15,669,ë©”ì„¸ì§€ í™•ì¸ ë¶€íƒë“œë¦½ë‹ˆë‹¤!
117,15,670,ë©”ì„¸ì§€ í™•ì¸í•´ì£¼ì„¸ìš”
118,15,671,ë©”ì„¸ì§€ í™•ì¸í•´ì£¼ì„¸ìš”
119,15,672,ë©”ì‹œì§€ í™•ì¸í•´ì£¼ì„¸ìš”~
120,15,673,ëƒ‰ë™ë³´ê´€ì€ ì•„ì˜ˆ ì•ˆë˜ëŠ” ê±´ê°€ìš”??ã… ã… 
121,15,674,"ìž‘ê°€ë‹˜ ë©”ì„¸ì§€í™•ì¸ ë¶€íƒë“œë¦½ë‹ˆë‹¤! ê½ƒê°œìž¥ 1+1ì£¼ë¬¸í–‡ëŠ”ë° ë§¤ìš´ì–‘ë… + ì¼ë°˜ì–‘ë…ìœ¼ë¡œ ê°€ëŠ¥í• ê¹Œìš”,?"
122,15,675,ìœ í†µê¸°í•œì´ ì¼ì£¼ì¼ë¡œì§§ë˜ë°.. ëƒ‰ë™ë³´ê´€í–ˆë‹¤ê°€í•´ë™í›„ë¨¹ì–´ë„ê´œì°®ì„ê¹Œìš”??
123,15,676,ë©”ì‹œì§€ í™•ì¸ ë¶€íƒë“œë ¤ìš”!
124,15,677,ë©”ì‹œì§€ í™•ì¸ë¶€íƒë“œë¦½ë‹ˆë‹¤.
125,16,678,í›„ê¸°ëŠ” ìžˆëŠ”ë° í•­ìƒ êµ¬ë§¤ê°€ ì•ˆë˜ë„¤ìš” ëŒ€ì²´ ë­ì—ìš”
126,16,679,ì£¼ë¬¸í–ˆëŠ”ë° ê¹œë°•í•˜ê³  ìš”ì²­ì‚¬í•­ì— ê¸°ìž¬ë¥¼ ëª»í–ˆìŠµë‹ˆë‹¤.. ë©”ì„¸ì§€ë¡œ ë¬¸ì˜ ë„£ì—ˆëŠ”ë° í™•ì¸ ë¶€íƒë“œë ¤ìš”...!!
127,16,680,ëƒ‰ìž¥ë³´ê´€ì‹œ ìœ í†µê¸°í•œì´ ì–´ë–»ê²Œ ë˜ë‚˜ìš©?
128,16,681,ì €ë„ ìœ—ë‹˜ì²˜ëŸ¼ ëƒ‰ìž¥ë³´ê´€ì‹œ ìœ í†µê¸°í•œì´ ê¶ê¸ˆí•©ë‹ˆë‹¤!!
129,16,682,3ê°€ì§€ë§Œë„ íŒ”ì•˜ìœ¼ë©´ì¢‹ê² ì–´ìš”ã…œ
130,16,683,ëƒ‰ìž¥ë³´ê´€ì‹œ ìœ í†µê¸°í•œ ì•Œë ¤ì£¼ì„¸ìš©
131,16,684,"1,4,6,7,13 ìœ¼ë¡œ ì£¼ë¬¸í• ê»˜ìš”"
132,16,685,ì œì£¼ë„ ë°°ì†¡ê°€ëŠ¥í•œê°•ìš”??
133,16,686,1íƒ„2íƒ„ ì„žì–´ì„œ ì£¼ë¬¸ê°€ëŠ¥í•œê°€ìš”??
134,16,687,ìž‘ê°€ë‹˜ ë©”ì„¸ì§€í™•ì¸ë¶€íƒë“œë ¤ìš”
135,17,688,ì£¼ë¬¸í–ˆì–´ìš”~ ê¸°ëŒ€ë˜ìš”.
136,17,689,"ì›”ìš”ì¼ì— ì•ˆì „í•˜ê²Œ í¬ìž¥í•´ì„œ ë³´ë‚´ë“œë¦¬ê² ìŠµë‹ˆë‹¤, ê°ì‚¬í•©ë‹ˆë‹¤.^^!"
137,17,690,ì €ëŠ”ëª©ìš”ì¼ì— ê¼­ë³´ë‚´ì£¼ì„¸ìš”
138,17,691,ëŒ€êµ¬ë„ íƒë°°ê°€ëŠ¥í•œê°€ìš”?
139,17,692,ì•ˆë…•í•˜ì„¸ìš”:) ëŒ€ëžµ ëª‡ ì¸ë¶„ ì¸ê°€ìš”??
140,17,693,ë§¤ìš´ê±¸ ëª» ë¨¹ëŠ” ì•„ê¸°ë„ ê°™ì´ë¨¹ìœ¼ë ¤ëŠ”ë° ë§¤ìš´ë§›ì´ ì „í˜€ì—†ë‚˜ìš”?
141,18,694,í• ì¸ì´ë²¤íŠ¸ ì–¸ì œê¹Œì§€ í•´ìš”?
142,18,695,ê°„ìž¥ì€ ì–´ë–¤ ê°„ìž¥ì„ ì‚¬ìš©í•˜ì‹œë‚˜ìš”?? ìƒì„¸ì •ë³´ì— ì—†ì–´ì„œ ì—¬ì­¤ë´ìš¤^^
143,18,696,ì˜¤ëŠ˜ ìƒˆë²½ì— ëª‡ê°€ì§€ ì£¼ë¬¸í–ˆëŠ”ë° ì˜¤ëŠ˜ ë°œì†¡ì´ ë˜ì—ˆë‚˜ìš”? ë‹¤ë¥¸ ìž‘ê°€ë‹˜ë“¤ì€ ë°œì†¡ë¬¸ìžê°€ ì™”ëŠ”ë° ì—¬ê¸´ ì•ˆì™€ì„œìš”
144,18,697,"ì•ˆë…•í•˜ì„¸ìš”
ì£¼ë¬¸í›„ ê°œë³„ë©”ì„¸ì§€ ë°œì†¡ë“œë ¸ìŠµë‹ˆë‹¤~^^"
145,18,698,"ê¸ˆìšœìƒˆë²½ì— ì„¸ê°€ì§€ ì£¼ë¬¸í–ˆì–´ìš”
ë©”ì„¸ì§€ ì£¼ì…¨ë‹¤ëŠ”ë° ì „ ë”°ë¡œ ë¬¸ìžëŠ” ëª»ë°›ì•˜êµ¬ìš” 
ê¸ˆìšœë°œì†¡ í† ìšœë°°ì†¡ì¼ê¹Œ í–ˆëŠ”ë° ì£¼ë§ì´ê»´ì„œ ì˜¤ëŠ˜ ë°œì†¡í•˜ì‹ ê±´ì§€ í™•ì¸ë°”ëžë‹ˆë‹¤"
146,18,699,"ì•ˆë…•í•˜ì„¸ìš”~
ì£¼ë¬¸ì£¼ì‹ ë‚ ì¸ 8ì›”7ì¼ ì˜¤ì „9ì‹œ ì•„ì´ë””ì–´ìŠ¤ ë©”ì„¸ì§€ì°½ì— ë°°ì†¡ê´€ë ¨ ë©”ì„¸ì§€ ë‚¨ê²¨ì ¸ìžˆì–´ìš”
í™•ì¸ë¶€íƒë“œë ¤ìš”~^^"
147,18,700,ì•ˆë…•í•˜ì„¸ìš”~ í˜¹ì‹œ ë©”ì¶”ë¦¬ì•Œ ë¹¼ê³  ê³¤ì•½ë§Œ ë‹´ì•„ì„œ ë³´ë‚´ì£¼ì‹¤ ìˆ˜ë„ ìžˆìœ¼ì‹ ì§€ ë¬¸ì˜ ë“œë ¤ìš”.
148,18,701,"1ì¼ ë°œì†¡ë˜ì—ˆë‹¤ê³  í•´ì„œ ì–´ì œ ì˜¬ì¤„ ì•Œì•˜ëŠ”ë°..ì•ˆì™”ì–´ìš”..ìš´ì†¡ìž¥ ì¡°íšŒí•´ì„œ
ë°°ì†¡íë¦„ ë³´ë‹ˆê¹Œ 1ì¼ë¶€í„° ë°°ì†¡ì‚¬ìž‘ì¸ë°..3ì¼ì¸ ì§€ê¸ˆ í˜„ìž¬ 2ì‹œ40ë¶„ê¹Œì§€ë„ ë°°ì†¡ì´ ì•ˆë˜ê³  ìžˆì–´ìš”..ë„ì°©ì€ ì˜¤ëŠ˜ í• ê»€ ê°™ì€ë°....ì–¼ìŒíŒ© ë‹¤ ë…¹ì•˜ì„ê±° ê°™ê³ ...ìŒì‹ë¬¼ì´ë¼...ê´œì°®ì„ê¹Œìš”???"
149,18,702,ì•„ì´ê°€  ë§¤ìš´ê±¸  ì „í˜€ ì•ˆë¨¹ì–´ì„œ ìˆœí•œë§›ì€  ê·¸ëƒ¥  ê°„ìž¥ë§›ì¸ì§€  .. ì•„ë‹˜  ë§¤ìš´ë§›ì´  ë“¤ì–´ê°€ëŠ”ì§€ìš” ?? 
150,18,703,ì§€ê¸ˆ íŒë§¤ì¤‘ì§€ë„¤ìš”??ì–¸ì œì¯¤  ë‹¤ì‹œ íŒë§¤í•˜ì‹œë‚˜ìš”?
151,19,704,ì—°ë½ì²˜ë„ ì—†ìœ¼ì‹œê³  ì–´ë””ë¡œ ë¬¸ìžë“œë ¤ì•¼í•˜ì£ ?
152,19,705,ì˜¤ëŠ˜ì£¼ë¬¸í•˜ë©´ ë‚¼ ì €ë…ì—ëŠ” ë°›ì•„ë³¼ìˆ˜ìžˆë‚˜ìš”?
153,19,706,ë°°ì†¡ê´€ë ¨í•˜ì—¬ 17ì‹œë¶€í„° ë©”ì‹œì§€ë“œë ¸ëŠ”ë° í™•ì¸í›„ ì—°ë½ë¶€íƒë“œë¦½ë‹ˆë‹¤
154,19,707,ìž˜ëª»ëœ ë°°ì†¡ë¬¸ì˜ì™€ ë°œì†¡ë˜ì§€ì•Šì€ ë©”ì‹œì§€ë¬¸ì˜ì—ëŠ” ê²°êµ­ ë‹µë„ ì—†ìœ¼ì‹œê³  ì•„ë¬´ëŸ° ì„¤ëª…ì—†ì´ í™˜ë¶ˆì²˜ë¦¬ë§Œ ë°”ë¡œ í•´ì£¼ì…¨ë„¤ìš”
155,19,708,í˜¹ì‹œ ê³¤ì´ ë¹¼ê³  ì•Œë§Œ ê°€ëŠ¥í•œê°€ìš”?ã… ã… ã…œ
156,19,709,ëƒ‰ë™ ë³´ê´€ í•´ ë†“ê³  ë¨¹ê³ ì‹¶ì„ë•Œ ë“ì—¬ ë¨¹ì–´ë„ ë ê¹Œìš”? ì‹ ëž‘ì´ ì•Œíƒ•ì„ ì¢‹ì•„í•´ì„œ ìŸì—¬ë†“ê³  ì‹¶ì–´ì„œìš”~
157,19,710,ëƒ‰ë™ë³´ê´€í•´ì„œ ë“ì¼ë•ŒëŠ” ì•Œ í•´ë™í•´ì„œ ë„£ë‚˜ìš”? ì•„ë‹ˆë©´ ëƒ‰ë™ì•Œë°”ë¡œë„£ë‚˜ìš”??
158,19,711,"ì œê°€ ì‚¬ëŠ”ê³³ì€ cjëŒ€í•œí†µìš´ì€ ì´í‹€ì†Œìš” ë˜ëŠ”ë°, ì£¼ë¬¸í•˜ë©´ ì•ˆë ê¹Œìš”?"
159,19,712,ëª©í¬ì‚¬ëŠ”ë° í† ìšœ ë°›ì„ë¼ë©´ ì–¸ì œ ì£¼ë¬¸í•´ì•¼í•˜ë‚˜ìš”??
160,19,713,ë§¤ì‹œì§€ í™•ì¸í•´ ì£¼ì‹œê³  ë°°ì†¡ ëˆ„ë½ëœê±´ í™•ì¸í•´ì£¼ì‹œê³  ì•Œì¶”ê°€í•œì£¼ë¬¸ê±´ ë°°ì†¡ êµ¬ì •í›„ì— ë³´ë‚´ì£¼ì„¸ìš”. ì €ë²ˆì— ë§›ìžˆê²Œ ë¨¹ì–´ì„œ ë˜ ì£¼ë¬¸í•œê±´ë° ë§Žì´ ë°”ì˜ì‹ ê°€ë´…ë‹ˆë‹¤.  ìžŠì§€ë§ˆì‹œê³  ë³´ë‚´ì£¼ì„¸ìš”~ ìƒˆí•´ë³µ ë§Žì´ ë°›ìœ¼ì„¸ìš”~
161,20,714,ì²­ì–‘ê³ ì¶” ë§žì„ê¹Œìš”? ë§¤ìš´ê±¸ ë„˜ ì¢‹ì•„í•˜ëŠ”ë° ã…Žã…Ž 
162,20,715,ì°¹ìŒ€ê°€ë£¨ë§Œ ë“¤ì–´ê°€ë‚˜ìš”? ì œê°€ ë°€ê°€ë£¨ ì•ŒëŸ¬ì§€ë¼..
163,20,716,ì‚¬ìž¥ë‹˜. ë§¤ë¼ë§ˆë‹¤ ë¨¹ëŠ”ë°ë„ ì•ˆì§ˆë¦¬ê³  ë§›ìžˆì–´ì„œ ë˜ ì£¼ë¬¸í–ˆì–´ìš”
164,20,717,ìž¬íŒë§¤ì•ˆí•˜ì‹œë‚˜ìš© ã…œã…œ
165,20,718,250g ì´ ì–¼ë§Œí¼ ë˜ëŠ”ê±°ì—ìš”? ì–¼ë§ˆë‚˜ ì‚¬ì•¼í• ì§€ ëª¨ë¥´ê²Ÿì–´ìš” ã… ã… 
166,20,719,ê²‰ì ˆì´ë“±ë“± ê°™ì´ ì‚´ë ¤ê³ í•˜ëŠ”ë° ë„ˆë¬´ ì¶”ì›Œì„œ ì–¼ì–´ì˜¬ê¹Œë´ìš”.
167,21,720,ì£¼ë¬¸í–ˆì–´ìš”~ ê¸°ëŒ€ë˜ìš”.
168,21,721,"ì›”ìš”ì¼ì— ì•ˆì „í•˜ê²Œ í¬ìž¥í•´ì„œ ë³´ë‚´ë“œë¦¬ê² ìŠµë‹ˆë‹¤, ê°ì‚¬í•©ë‹ˆë‹¤.^^!"
169,21,722,ì €ëŠ”ëª©ìš”ì¼ì— ê¼­ë³´ë‚´ì£¼ì„¸ìš”
170,21,723,ëŒ€êµ¬ë„ íƒë°°ê°€ëŠ¥í•œê°€ìš”?
171,21,724,ì•ˆë…•í•˜ì„¸ìš”:) ëŒ€ëžµ ëª‡ ì¸ë¶„ ì¸ê°€ìš”??
172,21,725,ë§¤ìš´ê±¸ ëª» ë¨¹ëŠ” ì•„ê¸°ë„ ê°™ì´ë¨¹ìœ¼ë ¤ëŠ”ë° ë§¤ìš´ë§›ì´ ì „í˜€ì—†ë‚˜ìš”?
173,22,726,í˜¹ì‹œ ë¬´ê´‘ìœ¼ë¡œë„ ê°€ëŠ¥í•œê°€ìš”?
174,22,727,ë¬´ê´‘ìœ¼ë¡œë„ ê°€ëŠ¥í•œê°€ìš”?
175,22,728,ë¬´ê´‘ìœ¼ë¡œí•˜ë©´ ë­ ë¬»ì–´ë‚˜ì˜¤ë‚˜ìš”?
176,22,729,í˜¹ì‹œ ë¸”ëž™ì€ ì•„ì˜ˆ í’ˆì ˆì¸ê°€ìš”?ì¢€ ëŠ¦ê²Œ ë°›ì•„ë„ ê´œì°®ì€ë° ë¸”ëž™ì´ ê°€ì§€ê³  ì‹¶ì–´ì„œìš”ã… 
177,24,730,ë¬¶ìŒìœ¼ë¡œ íŒë§¤í•˜ì‹œëŠ” ê±´ê°€ìš”??
178,24,731,ëª‡ê°œ ë¬¶ìŒì¸ê°€ìš”?
179,24,732,ì˜ì–‘ì„±ë¶„ì´ì–´ë–»ê²Œë ê¹Œìš”?
180,24,733,30íŒ© 2ë¬¶ìŒìœ¼ë¡œ ì‚¬ê³ ì‹¶ì€ë° ìœ í†µê¸°í•œì€ ì–´ë–»ê²Œ ë˜ë‚˜ìš”?
181,24,734,ì„±ë¶„í‘œê°€ ì—†ëŠ”ë° ì•Œ ìˆ˜ ì—†ì„ê¹Œìš”?
182,24,735,ë°¥ë¨¹ê³  ê°„ì‹ìœ¼ë¡œ ë¨¹ìœ¼ë©´ ë‹¤ì´ì–´íŠ¸ì•ˆë˜ê³  ë”ì‚´ì°Œê² ì£ ã… ?
183,25,736,ì§€ì¸ë“¤ ì„ ë¬¼ë¡œ ì •ë§ì¢‹ì•„ìš”^^ 3ë²ˆì§¸ ì£¼ë¬¸í•´ìš”
184,25,737,k3 ìŠ¤ë§ˆíŠ¸ í‚¤ì¸ë° ì•„ë ¹ìœ¼ë¡œí•˜ì§€ì•Šì•„ë„ë ê¹Œìš”?
185,25,738,ì‚¬ì§„ë©”ì„¸ì§€ë¡œë³´ëƒˆìŠµë‹ˆë‹¤!
186,25,739,ì˜†ë¼ì¸ ê°€ì£½ ë§ˆê°ì´ ë˜ì–´ìžˆë‚˜ìš”?
187,25,740,ì‚¬ê³ ì‹¶ì€ë° ë„¤ìž„íƒ.ë³´ì¡°ë“±~ì‚¬ì§„ë„ ì—†ê³  ë­˜ë§í•˜ëŠ”ì§€ ì¶”ê°€ì˜µì…˜ ì„ íƒì´ ì–´ë ¤ì›Œìš”.
188,25,741,ì œê°€ ì„ ë¬¼ì„ í•˜ë ¤ê³  í•˜ëŠ”ë°ìš”. ì½”ë‚˜ ìŠ¤ë§ˆíŠ¸í‚¤ëŠ” ì¼ë°˜ ìŠ¤í¬ëž©ìœ¼ë¡œ ì£¼ë¬¸í•´ë„ ë ê¹Œìš”? ê·¸ë¦¬ê³  ë¬´ë£Œë¡œ ê°ì¸ í•´ì£¼ì‹œëŠ”ê±´ ìš”ì²­ì‚¬í•­ì— ì ìœ¼ë©´ ë ê¹Œìš”?
189,25,742,"ì•ˆë…•í•˜ì„¸ìš”~ê°ì„±ë°”êµ¬ë‹ˆìž…ë‹ˆë‹¤.
ì¼ë°˜ìŠ¤íŠ¸ëž© ì—°ê²°  ê°€ëŠ¥í•˜ì‹¤ ê²ƒ ê°™ìŠµë‹ˆë‹¤. ê°ì¸ë‚´ìš©ì€ ì£¼ë¬¸ì‹œ ìš”ì²­ì‚¬í•­ì— ë‚¨ê²¨ì£¼ì‹œë©´ ë©ë‹ˆë‹¤~"
190,25,743,ì„ ë¬¼í•˜ë ¤ ì£¼ë¬¸í•œ ë¬¼í’ˆ ë°›ì•˜ìŠµë‹ˆë‹¤~  ê·¸ëŸ°ë° ì œê°€ ë¬¸êµ¬ ìš”ì²­ì— ì´ë¦„ê³¼ í•¨ê»˜ ì ì—ˆë˜ í•˜íŠ¸ ëª¨ì–‘ì€ ë¹ ì ¸ ìžˆë„¤ìš”.. ì›ë¡€ í•˜íŠ¸ ëª¨ì–‘ì€ ë¶ˆë°•ì´ ì•ˆë˜ë‚˜ìš”?? ë¯¸ë¦¬ ì•ˆë‚´ë„ ì—†ì´ ë°°ì†¡ ì˜¨ ê±¸ ë³´ë‹ˆ ë§ˆìŒì´ ì¡°ê¸ˆ ê·¸ëŸ¬ë„¤ìš”
191,25,744,í˜¹ì‹œ ìºë”œë½ ì•°ë¸ŒëŸ¼ ê°€ëŠ¥í•œì§€ìš©
192,25,745,"6ê°œì •ë„êµ¬ë§¤í• ê»€ë°,
ë„¤ìž„íƒì‚¬ëŠ”ê±´ í•œë²ˆì—ë§ì”€ë“œë¦¬ë©´ë˜ë‚˜ìš”?"
193,30,746,ëƒ‰ìž¥ë³´ê´€ì€ ë©°ì¹ ë™ì•ˆ ê°€ëŠ¥í•˜ë‚˜ìš”??
194,30,747,ì œê°€ ë§¤ìš´ê±¸ ëª»ë¨¹ì–´ì„œ ì•ˆë§¤ìš´ë§›ì€ ì—†ë‚˜ìš”  
195,30,748,í›„ê¸°ë¥¼ ë³´ë©´ ì§§ëš±í•œ ë–¡ì´ ìžˆê³  ê¸¸ì­‰í•œ ë–¡ì´ ìžˆëŠ”ë° ì§§ëš±í•œ ë–¡ìœ¼ë¡œ ë¶€íƒë“œë¦¬ë©´ ê·¸ê±¸ë¡œ ë³´ë‚´ì£¼ì‹œë‚˜ìš”~??
196,31,749,ì¿ ì…˜ê°ì–´ë–¤ê°€ìš”? 
197,31,750,ë°°ì†¡ ì–¸ì œ ë˜ë‚˜ìš”??
198,31,751,ë°°ì†¡ì´ ì–¸ì œì¯¤ ë˜ëŠ”ê²ƒì¼ê¹Œìš” ã…œã…œ
199,31,752,ë©”ì„¸ì§€  ë‚¨ê²¼ëŠ”ë° í™•ì¸ì„ ì•ˆí•˜ì‹œë„¤ìš”..ã… ã… ë‹µë³€ ë¶€íƒë“œë¦½ë‹ˆë‹¤ 
200,31,753,ë°›ì•„ë³´ê³ ê°ë™ë°›ì•˜ìŠµë‹ˆë‹¤~~ì •ì„±ê°€ë“í•œêµ¬ë‘ê°€ëŠê»´ì§€ë„¤ìš”~~ë°°ì†¡ì€ëŠ¦ì–´ì¡Œì§€ë§Œê¸°ë‹¤ë¦´ë§Œí•œê°€ì¹˜ê°€ìžˆëŠ”ìž‘í’ˆì´ì˜€ìŠµë‹ˆë‹¤â™¡ê°ì‚¬í•©ë‹ˆë‹¤
201,31,754,ì €ë‘ ì œë°œ ë°°ì†¡ ì¢€ í•´ì£¼ì„¸ìš”ã… ã… 
202,31,755,ë°°ì†¡ì´ ì–¸ì œì¯¤ ë˜ë‚˜ìš”?
203,31,756,1ì¼ì— ì£¼ë¬¸í–ˆëŠ”ë° ì•„ì§ë„ ë°°ì†¡ì´ ì•ˆë˜ì„œìš” ã… ì–¸ì œì¯¤ ë˜ë‚˜ìš”?
204,31,757,ë©”ì„¸ì§€ ë‚¨ê²¼ëŠ”ë° í™•ì¸ì¢€ ë¶€íƒë“œë ¤ìš©
205,31,758,ê¸°ëŒ€ë¥¼ ë„ˆë¬´ í–ˆë‚˜ë´ìš” ì•„ì´ë””ì–´ìŠ¤ ìµœì´ˆ ì‹¤ë§ì´ë„¤ìš” ëŠ¦ì€ë°°ì†¡ë„ ê·¸ë ‡ê³  ì¼ë¶€ëŸ¬ íƒ€ì´íŠ¸í•˜ê²Œ ì£¼ë¬¸í–ˆìŒì—ë„ ë”±ë‚´ì‹ ë°œ ì•„ë‹Œë“¯ í—ë–¡ë¦¬ë„¤ìš” 
206,32,759,255 ì‚¬ì´ì¦ˆëŠ” ì–¸ì œ ë‚˜ì˜¤ë‚˜ìš”??
207,32,760,230 ì–¸ì œ ìž¬ìž…ê³  ë˜ë‚˜ìš”?
208,32,761,255ì‚¬ì´ì¦ˆëŠ” ì–¸ì œì¯¤ êµ¬ë§¤ê°€ëŠ¥í• ê¹Œìš”?
209,32,762,íšŒì›ë‹˜ ì—¬ì„±ë¶„ ì‚¬ì´ì¦ˆë¡œ255ë§ì”€í•˜ì„¸ìš”?
210,32,763,ì•„ ì €ëŠ” ë‚¨ì„±ì¸ë° ì œê°€ ì‹ ì„ê±°ê³ ìš” í‰ì†Œ ìš´ë™í™”260ì‹ ê³  ë°œë“±ë„ ë†’ì§€ì•Šê³  ë°œë³¼ë„ ë„“ì§€ì•Šì•„ì„œìš” 
211,32,764,ëŒ“ê¸€ë³´ë‹ˆê¹Œ í•œì¹˜ìˆ˜ ì ê²Œì‹ ì„ê±¸ ì¶”ì²œì„ ë§Žì´í•˜ë˜ë°... ì œê°€ êµ¬ë‘ëŠ”255ì‹ ê±°ë‚˜ í˜¹ì€ ì•ˆì— ê¹”ì°½ë„£ê³  255ì‹ ê±°ë˜ìš” 
212,32,765,ê·¸ëŸ¼ ì¿ ì…˜ì„ ì¶”ê°€í•œë‹¤ëŠ”ê²Œ(ì•ˆêµ½1cmì¶”ê°€)ë¡œ êµ¬ë§¤í•˜ë©´ ë˜ë‚˜ìš”? ì €ëŠ” í‚¤ë†’ì´ëŠ” ë³„ë¡œë¼
213,32,766,ê°ì‚¬í•©ë‹ˆë‹¤ ë°”ë¡œ ì£¼ë¬¸í• ê»˜ìš”
214,32,767,235ëž‘ 240ì¤‘ì— ê³ ë¯¼ì´ë˜ëŠ”ë° ì‚¬ì´ì¦ˆ ì–´ë–¤ê²Œ ë§žì„ê¹Œìš”? ì œ ë°œ ì‚¬ì´ì¦ˆë¥¼ ìž¬ë³´ë‹ˆ ë°œê¸¸ì´ 230 ë°œë³¼ 9.5 ìž…ë‹ˆë‹¤
215,32,768,ë°°ì†¡ ì–¸ì œì¯¤ ë˜ë‚˜ìš”..? ë³´ë¦„ë„ ë„˜ì—ˆëŠ”ë° ì™œ ì•ˆì˜¬ê¹Œìš”..
216,34,769,ê°€ì£½ìƒ‰ìƒ ë³€ê²½ê°€ëŠ¥í•œê°€ìš”??
217,34,770,êµ½ë†’ì´ 5cmë¡œ ë³€ê²½ ê°€ëŠ¥í•œê°€ìš”?ã…Žã…Žã…Ž
218,36,771,ë„˜ë‚˜ ê·€ì—¬ìš´ ê²ƒ ðŸ™Š
219,36,772,ë°‘ì°½ì€ í‘¹ì‹ í•œ íŽ¸ì¸ê°€ì—¬?
220,36,773,í˜¹ì‹œ ë‚¨ìžê°€ ì‹ ì–´ë„ ë ê¹Œìš”? í‰ìƒì‹œ ìš´ë™í™” 250ì¸ë°. ê°€ëŠ¥í•œê°€ìš” 
221,36,774,ë‚¨ìžì•„ì´  ì´ˆë“±ìƒì´ ì‹ ì–´ë„ ë ê¹Œìš”?
222,36,775,ì‹ ë°œ ë¬´ê²ŒëŠ” ì–´ë–»ê²Œë˜ë‚˜ìš”? ì‚¬ì´ì¦ˆ235ê¸°ì¤€ìœ¼ë¡œìš”~
223,36,776,220 ì‚¬ì´ì¦ˆë„ ì°©ìš© ê°€ëŠ¥í• ê¹Œìš”? ì¹¼ë°œì´ì—ìš” ã… ã… 
224,36,777,í˜¹ì‹œ ë” í° ì‚¬ì´ì¦ˆ ì œìž‘ì€ ë¶ˆê°€ëŠ¥í•œê°€ìš”? 
225,36,778,ë¸Œë¼ìš´ìƒ‰ìƒ 230ì´ëž‘ 235 ì‚¬ì´ì¦ˆ í’ˆì ˆì´ë¼ê³  ì¨ìžˆëŠ”ë° êµ¬ë§¤ì°½ì€ ì—´ë ¤ìžˆë˜ë° í’ˆì ˆë§žë‚˜ìš”?
226,37,779,ë„ˆë¬´ ì´ë¿ë°...  ìƒˆí•´ê¸°ë… í• ì¸ íŒíŒ ì¢€.. ^^;
227,38,780,ì „ì‚¬ì´ì¦ˆ ì–¸ì œ ìž…ê³ ë˜ë‚˜ìš”
228,38,781,ì˜ˆì•½ì£¼ë¬¸ì€ ì–¸ì œ í•  ìˆ˜ ìžˆëŠ” ê±´ê°€ìš”? ã… ã… 
229,38,782,"ì–¸ì œ ìž…ê³ ê°€ëŠ¥í•œê°€ìš”?ã… 
ì˜ˆì•½ì£¼ë¬¸ì€ í˜„ìž¬ê°€ëŠ¥í•œê°€ìš”?"
230,38,783,ë°œë“±ì´ ë†’ì€íŽ¸ì¸ë° ê´œì°®ì„ê¹Œìš”?
231,38,784,37ì‚¬ì´ì¦ˆ ìž¬ìž…ê³ ë˜ë‚˜ìš”?ðŸ˜­
232,38,785,38 ì–¸ì œì¯¤ ìž…ê³ ë ê¹Œìš”~?
233,38,786,41 ì‚¬ì´ì¦ˆ ì–¸ì œ ìž…ê³ ë ê¹Œìš” ã… 
234,38,787,ë‹´ë‹¬ì´ˆì—ë¼ë„ ì˜¨ë‹¤ë‹ˆ ë‹¤í–‰ì´ì—ìš” ê¸°ë‹¤ë¦´ê²Œìš©
235,38,788,ë°œì‚¬ì´ì¦ˆê°€ 220~225ì •ë„ ì‹ ëŠ”ë°ìš” ë¸”ë¡œí¼ëŠ” ê°€ìž¥ ìž‘ì€ ì‚¬ì´ì¦ˆê°€ 36ë¶€í„°ë„¤ìš” ë¸”ë¡œí¼ìŠ¤íƒ€ì¼ì€ ì•ˆì‹ ì–´ë´¤ëŠ”ë°ã… ã…  í¬ì§€ì•Šê³  ìž˜ ë§žì„ê¹Œìš”?
236,38,789,í˜¹ì‹œ 39ì‚¬ì´ì¦ˆ ìž¬ìž…ê³  ë˜ë‚˜ìš”?
237,40,790,ìš´ë™í™” ëˆì´ í°ìƒ‰...ë³´ë‹¨ ìš´ë™í™”í†¤ì´ë©´ ë” ì˜ˆì ê²ƒ ê°™ì•„ìš”~
238,40,791,"10ë‹¨ìœ„ë¡œë§Œ ì œìž‘í•˜ì‹œë‚˜ìš”~? ê·¸ë¦¬ê³  ì‚¬ì´ì¦ˆ ë¬¸ì˜ì¸ë°ìš”, êµ¬ë‘ëŠ” 255ì¸ë° ìš´ë™í™”ëŠ” 260ì´ë©´ ì–´ëŠ ì‚¬ì´ì¦ˆì— ë§žì¶”ë©´ ì¢‹ì„ëŸ°ì§€ìš”~?"
239,41,792,íŽ˜ì´ìŠ¤ë¶ ë³´ê³  ë„ˆë¬´ ì´ë»ì„œ ë°”ë¡œ ë„˜ì–´ì™”ì–´ìš”ã… ã…  ë¹¨ë¦¬ ë°›ì•„ë³´ê³ ì‹¶ì–´ìš”
240,41,793,ì„ í–¥ë„ ë“¤ì–´ê°€ë‚˜ìš”~?
241,41,794,í¬ë¦¼ì´ëž‘ ì•„ì´ë³´ë¦¬ ë­ê°€ ë‹¤ë¥¸ê°€ìš”?
242,41,795,ë¹„êµ ì‚¬ì§„ ìžˆë‚˜ìš”?
243,41,796,ì•ˆë…•í•˜ì„¸ìš”~! 1/28ì— êµ¬ë§¤í–ˆìŠµë‹ˆë‹¤. ë™ë´‰ëœ ì¸ì„¼ìŠ¤ í–¥ì´ ë„ˆë¬´ ì¢‹ì•„ìš”.. ì–´ë–¤ ì œí’ˆì¸ì§€ ì•Œ ìˆ˜ ìžˆì„ê¹Œìš”...ã… ã… 
244,42,797,ê°ì¸ì€ ì˜ì–´ë„ ê°€ëŠ¥í•œê°€ìš”? ê¸€ì”¨ì²´ëŠ” ì–´ë–»ê²Œ ì •í•˜ë‚˜ìš”?
245,42,798,ë°›ì¹¨ë§Œ êµ¬ë§¤ ê°€ëŠ¥í•œê°€ìš”?
246,42,799,ìž‘ê°€ë‹˜! ë©”ì‹œì§€ í™•ì¸ ë¶€íƒë“œë ¤ìš”!!
247,42,800,ì›ë°›ì¹¨ ìœ„ ì•„ëž˜ë¡œ ìˆ«ìžì™€ ì§§ì€ê¸€ìžë¥¼ ë‚˜ëˆ ì„œ ìƒˆê¸°ê³  ì‹¶ì€ë° ë ˆì´ì € ê°ì¸ìœ¼ë¡œ ì„ íƒí•˜ë©´ ë˜ë‚˜ìš”?
248,42,801,ë©”ì‹œì§€ í™•ì¸ ë¶€íƒë“œë ¤ìš”!
249,42,802,"ë©”ì„¸ì§€ í™•ì¸ ë¶€íƒë“œë¦½ë‹ˆë‹¤..,à¼¼ à¼Žàº¶ à·´ à¼Žàº¶à¼½"
250,42,803,ë©”ì„¸ì§€ í™•ì¸ ì¡°ë®¤í•´ì£¼ì„¸ìš”
251,42,804,3ì„¸íŠ¸ ì£¼ë¬¸í•´ìš” ìž˜ ê²€ìˆ˜í•´ì„œ í¬ìž¥í•´ì„œ ë³´ë‚´ì£¼ì„¸ìš” 
252,42,805,"ì˜¤ë„ ì£¼ë¬¸í•˜ë©° ì–¸ì œì¯¤ ë°›ì„ìˆ˜ ìžˆë‚˜ìš”?
ë‹´ì£¼ í™”ìšœê¹Œì§€ëŠ” ê°€ëŠ¥í• ê¹Œìš”? í˜¹ì‹œ íƒë°°ëŠ” ì–´ë””ê°€ìš”? cjíƒë°°ê°€ ì‹œê°„ì´ ë§Žì´ ìž¡ì•„ë¨¹ì–´ì„œìš”~ì—¬ê¸°ëŠ” ì•„ë‹Œì£ ?"
253,42,806,ë°°ì†¡ì€ ì–¸ì œì¯¤ ì‹œìž‘í•˜ë‚˜ìš”? 17ì¼ì— ì£¼ë¬¸í–ˆëŠ”ë° ë°°ì†¡ì´ ì–¸ì œì¯¤ ì˜¤ëŠ”ì§€ ê¶ê¸ˆí•´ì„œìš”
254,43,807,ì œê°€ 31ì¼ì— ì„ ë¬¼í•´ì•¼í•˜ëŠ”ë° í˜¹ì‹œ ê·¸ì „ê¹Œì§€ ë°°ì†¡ì´ ê°€ëŠ¥í• ê¹Œìš”?
255,44,808,ê°í‹°ìŠˆì»¤ë²„ëŠ” ë§Œë“œì‹¤ ê³„íšì´ ì—†ìœ¼ì‹ ê°€ìš”ã… ã…œ  ì´ê·€ì—¬ìš´ ì»¤ë²„ë¥¼ ê°–ê³ ì‹¶ì–´ë„ ì“¸ìˆ˜ì—†ë‹¤ë‹ˆ ë„ˆë¬´ ì•ˆíƒ€ê¹ë„¤ìš”
256,44,809,ë² ì´ì§€ëŠ” ìž¬ìž…ê³  ì–¸ì œ ë˜ë‚˜ìš”? ã… ã……ã… 
257,44,810,ë² ì´ì§€ ìƒ‰ ì–¸ì œ ìž…ê³  ë˜ë‚˜ìš”?
258,44,811,ìž‘ê°€ë‹˜~ í˜¹ì‹œ ë² ì´ì§€ ìž…ê³ ëŠ” ì–¸ì œë ê¹Œìš”??ðŸ˜®ðŸ˜®
259,44,812,ë² ì´ì§€ ìž…ê³  ë˜ë‚˜ìš”?
260,44,813,ê° í‹°ìŠˆ ì§ì‚¬ê°í˜•ë„ ì œìž‘í•´ì£¼ì„¸ìš” ã… ã… 
261,44,814,í˜¹ì‹œ í•‘í¬ë‚˜ ë‹¤ë¥¸ ìƒ‰ìƒ ì˜µì…˜ ì¶”ê°€ ê³„íšì€ ì—†ìœ¼ì‹¤ê¹Œìš©-?-?
262,44,815,í° ê°í‹°ìŠˆ ì»¤ë²„ë„ ê¼­ ë§Œë“¤ì–´ì£¼ì„¸ìš” ã… ^ã…  
263,44,816,íœ´ì§€ì‹¬ì„ ë¹¼ì„œ ë„£ì–´ì“´ë‹¤ëŠ” ê²Œ ì–´ë–»ê²Œ í•˜ëŠ”ê±°ì§€ìš”~?
264,44,817,ìž‘ê°€ë‹˜ íœ´ì§€ ê³ ì • ìŠ¤íŠ¸ë§ì´ ë¶ˆì•ˆí•œë° ë°‘ë‹¨ ë§Œë“¤ì–´ì„œ ì§€í¼ ë‹¤ì‹¤ ìƒê°ì€ ì—†ë‚˜ìš”?ã… ã… 
265,45,818,ëƒ¥ì´ëŠ” 3ì¢…ë¥˜ ì™¸ì— ë˜ ìžˆë‚˜ìš”? 
266,45,819,ìž‘ê°€ë‹˜~ë‹¤ìœ¡ì´ë¥¼ í‚¤ì›Œë³´ì§€ ì•Šì•„ ëª°ë¼ì„œ ì§ˆë¬¸í•©ë‹ˆë‹¤..^^ì¡°ê·¸ë§Œ ìƒíƒœì˜€ë‹¤ê°€ ë‚˜ì¤‘ì— ì»¤ì§€ëŠ”ê±´ê°€ìš”?ê·¸ëŸ¼ ë¶„ê°ˆì´ ì´ëŸ°ê±° í•´ì¤˜ì•¼ í•˜ëŠ”ê±´ê°€ í•´ì„œìš”.
267,45,820,ì•„..ê·¸ë ‡êµ°ìš”.ì•Œë ¤ì£¼ì…”ì„œ ê³ ë§™ìŠµë‹ˆë‹¤~^^
268,45,821,ê³ ì–‘ì´ 3ë§ˆë¦¬ë¡œ ì£¼ë¬¸í•˜ë ¤ëŠ”ë° 1ë§ˆë¦¬ëŠ” ìš¸ì§‘ëƒ¥ì´ë¡œí•˜ê³ ì‹¶ì€ë° ê°€ëŠ¥í• ê¹Œìš”?
269,45,822,ì„ ì¸ìž¥ë„ 15ì¼ì´ë‚˜ í•œë‹¬ì— í•œë²ˆ ë¬¼ì£¼ë‚˜ìš”?
270,45,823,ê³ ì–‘ì´ ë‘ ë§ˆë¦¬ ì£¼ë¬¸í•˜ë©´ ìƒ‰ ë‹¤ë¥´ê²Œ í•´ì£¼ì‹œë‚˜ìš©...?
271,46,824,ì‹±ê¸€ ì‚¬ì´ì¦ˆ ë¬´ê²Œê°€ ê¶ê¸ˆí•©ë‹ˆë‹¤~
272,46,825,"1800*2000ë¦¬ì§€í‚¹ë„ì œìž‘ê°€ëŠ¥ í•œê°€ìš”?,ê°€ëŠ¥í•˜ë‹¤ë©´. ê°€ê²©ì¢€ì•Œë ¤ì£¼ì„¸ìš”"
273,46,826,ì§€ê¸ˆ ê²°ìž¬í•˜ê³  ë‚´ë…„(21ë…„)1ì›”ì— ë°›ì•„ë„ ë ê¹Œìš”? í˜„ìž¬ëŠ” ì¹¨ëŒ€ê°€ ìžˆëŠ” ìƒíƒœì´ê³  1ì›” 20ì¼ì— ì´ì‚¬ê°€ëŠ”ì§‘ì— ë†“ì„ê±°ë¼ì„œìš”?
274,46,827,ê·¸ëŸ¼ ë¨¼ì € ê²°ìž¬í•˜ê³  1ì›” ì´ì‚¬ì „ì— ì—°ë½ë“œë¦¬ê² ìŠµë‹ˆë‹¤.^^
275,46,828,"ì§€ê¸ˆ ìŠˆí¼ì‹±ê¸€ ê²°ìž¬í–ˆìŠµë‹ˆë‹¤. ê°ì‚¬í•©ë‹ˆë‹¤. 
ì½”ë¡œë‚˜19 ì¡°ì‹¬ í•˜ì‹œê³  íž˜ë“  ì‹œê¸°ì§€ë§Œ ì§€ì¹˜ì§€ë§ˆì‹œê³  ìž˜ ì´ê²¨ë‚´ëŠ” í•˜ë£¨ ë˜ì„¸ìš”~^^"
276,46,829,"ì‹±ê¸€  ì„±ë‚¨ ë°°ì†¡ë¹„ê°€ 30,000ì›ì¸ê°€ìš”"
277,46,830,ê·¸ëŸ¬ë©´ ë°°ì†¡ë¹„ê°€ ì„ë§ˆëž€ ì´ì•¼ê¸°ì˜¤ìš”????
278,46,831,"45,000ì›ì´ëž€ ì´ì•¼ê¸°ì˜¤??"
279,46,832,185Ã—218Ã—38 ë§¤íŠ¸ë¦¬ìŠ¤ì™€ 100Ã—200Ã—26ë§¤íŠ¸ë¦¬ìŠ¤ë¡œ íŒ¨ë°€ë¦¬ì¹¨ëŒ€ ë§Œë“œë ¤ê³ í•©ë‹ˆë‹¤.ì–´ë–»ê²Œì£¼ë¬¸í•´ì•¼í•˜ë‚˜ìš”?ë‘ ë§¤íŠ¸ë¦¬ìŠ¤ ë†’ì´ ë§žì¶œìˆ˜ìžˆë‚˜ìš”?
280,46,833,ë¯¸ë„ëŸ¼ë°©ì§€í„±ì´ ì—†ìœ¼ë©´ ë§¤íŠ¸ë¦¬ìŠ¤ê°€ ë§Žì´ ì›€ì§ì´ë‚˜ìš”?
281,47,834,"ì•ˆë…•í•˜ì„¸ìš” ^^ ì €í¬ ì‹ ê·œí–¥(ì´ë²ˆì£¼ ì¶œì‹œ ì˜ˆì •)ìŠ¤í”„ë§ ë°ì´ê°€ ë¹„ìŠ·í•  ê²ƒìœ¼ë¡œ íŒë‹¨ë˜ì˜¤ë‚˜, í–¥ì´ë¼ëŠ” ê²ƒì´ ì‚¬ëžŒë§ˆë‹¤ í–¥ì„ ëŠë¼ëŠ” ìˆ˜ìš©ì²´ì˜ í™œì„±ë„ê°€ ë‹¤ë¥´ë©°, ì´ë¡œì¸í•´ ê°„í˜¹ ë‘í†µì´ì´ í˜¸í¡ê¸°ì— ì´ìƒì´ ì˜¬ìˆ˜ ìžˆëŠ” ì ì„ ê°ì•ˆí•˜ì—¬ ì¹¨ì‹¤ ë¨¸ë¦¬ë§¡ì— ë‘ëŠ” ê²ƒì€ ê¶Œí•´ë“œë¦¬ì§€
ì•ŠìŠµë‹ˆë‹¤."
282,47,835,"ê°€ì„ ê²¨ìš¸ì— ì–´ìš¸ë¦¬ëŠ” í–¥ì´ ìžˆì„ê¹Œìš”? ë„ˆë¬´ ê°•í•˜ì§€ ì•Šê³ , í–¥ì´ ê°€ë²¼ìš´ê±°ë§Œ ì•„ë‹ˆë©´ ë¼ìš”! ã…Žã…Ž"
283,47,836,ê¸°ë³¸ ì¼€ì´ìŠ¤ëŠ” ê·¸ëƒ¥ í•˜ì–€ìƒ‰ ì¼€ì´ìŠ¤ ì¸ê°€ìš”?
284,47,837,í•˜ì™€ì´ì•ˆë¼ìž„ë¹„ì¹˜ í–¥ ë„ˆë¬´ ì¢‹ì•˜ëŠ”ë° ì™œ ì—†ëŠ”ê±°ì£ ?ã… ã… 
285,47,838,ìž‘ê°€ë‹˜! ë‚¨ìžì—ê²Œ ì„ ë¬¼í• ê±´ë° í˜¹ì‹œ ì¶”ì²œí•´ì£¼ì‹¤ í–¥ì´ ìžˆìœ¼ì‹¤ê¹Œìš”! 2ê°œì •ë„ ì›í•˜ëŠ”ë°ìš”! ì¹¨ì‹¤ì—” ìž  ìž˜ ì˜¬ìˆ˜ ìžˆëŠ” í–¥ ì›í•˜êµ¬ìš” í•˜ë‚˜ëŠ” í™”ìž¥ì‹¤ ë¹„ì¹˜í• ê±´ë° ê¹”ë”í•œëŠë‚Œì´ì—ˆìœ¼ë©´ ì¢‹ê² ìŠµë‹ˆë‹¤ã… ã…œ!
286,47,839,íŒë§¤ìžë‹˜! í–¥ ë³„ë¡œ ì¸ì¦ ë²ˆí˜¸ ë‹¤ë¥¸ê±¸ë¡œ ì•„ëŠ”ë° ë‹¤ë¥¸ê±° ì¸ì¦ì„œë„ ê°™ì´ ì—…ë°ì´íŠ¸ ê°€ëŠ¥ í• ê¹Œìš”?
287,47,840,ì¹œì ˆí•œ ë‹µë³€ ê°ì‚¬í•©ë‹ˆë‹¤ðŸ˜€
288,47,841,ê²°ë¡ ì ìœ¼ë¡  í•œê°€ì§€ ì¸ì¦ë²ˆí˜¸ë„¤ìš”^^ í™•ì¸ ê°ì‚¬í•©ë‹ˆë‹¤ðŸ˜€
289,47,842,ìž‘ê°€ë‹˜ í•˜ì™€ì´ì•ˆ íŒë§¤ ì•ˆí•˜ì‹ ë‹¤ëŠ” ë‹µê¸€ë´¤ì–´ìš”ã…œã…œ ëŒ€ì‹  ê·¸ ë¹„ìŠ·í•œ í–¥ ì¶”ì²œ ì¢€ ë¶€íƒë“œë ¤ìš” í•˜ì™€ì´ì•ˆ ë¸”ëž™ì²´ë¦¬ í™”ìž¥ì‹¤ì— ë’€ì—ˆëŠ”ë° í•˜ì™€ì´ì•ˆì´ ì ¤ ì¢‹ì•„ì„œ ìž¬ì£¼ë¬¸í•˜ë ¤ê³  ë“¤ì–´ì™”ë”ë‹ˆ íŒë§¤ì¤‘ë‹¨ì´ë¼ê³ ã…œã…œ
290,47,843,ì•ˆë…•í•˜ì„¸ìš” ìž‘ê°€ë‹˜!  í˜¹ì‹œ ì•„ì´ë¦¬ìŠ¤ í•­ê³¼ ë¹„ìŠ·í•œ í–¥ì´ ìžˆì„ê¹Œìš”?
291,48,844,cíƒ€ìž… ìƒ€ëŠ”ë° ë„ëŒ€ì²´ ëª©ê±¸ì´ë¥¼ ì–´ë–»ê²Œ ê±¸ì–´ì•¼í•˜ëŠ”ì§€ ëª¨ë¥´ê² ì–´ìš”ã…œã…œ
292,48,845,ê·€ì°Œë¥¼ì •ë¦¬í•˜ë ¤ê³ í•˜ëŠ”ë° ì–´ë–¤ê±¸ì£¼ë¬¸í•´ì•¼í• ê¹Œìš”? ì£¼ë¡œ ë‚˜ì‚¬í˜•ì´ê³  ë“œë¡­ë„ì«Œìž‡ì–´ìš”!
293,48,846,ì˜¤ë Œì§€ ì˜¤ì¼ì€ ë­”ê°€ìš©? ê·¸ëƒ¥ í–¥ë•Œë¬¸ì— ì‚¬ìš©í•˜ëŠ” ê±´ê°€ìš”..?
294,48,847,"ë©€ë°”ìš°ë¡œ ì£¼ë¬¸í•˜ë©´ ì•žë¬¸ì€ ì¶”ê°€ ëª»í•˜ëŠ” ê±´ê°€ìš”? ì˜µì…˜ì— ë¯¸ì†¡ë§Œ ì•žë¬¸ ì¶”ê°€ê°€ ìžˆì–´ì„œìš”...ê·¸ë¦¬ê³   ë‹¤ë¥¸ íŒë§¤ì œí’ˆì¤‘ì— ë‚±ê°œë¡œ ì •ë¦¬ ì•„í¬ë¦´  íŒë§¤ í•˜ì‹œë˜ë° , ê·¸ ë‚±ê°œ ì•„í¬ë¦´ íŒì— ì•žë¬¸ ì²˜ëŸ¼ ìœ„ì— êµ¬ë© ë‘ê°œ ëš«ì–´ì„œ  ì•žë¬¸ì²˜ëŸ¼ ì“°ê³  ì‹¶ì€ë° ì¶”ê°€ë¡œ ëˆ ë‚´ê³  ê·¸ë ‡ê²Œ ì£¼ë¬¸ í•  ìˆ˜ ìžˆì„ê¹Œìš”?"
295,48,848,ì˜¤ì¼ì€ ê·¸ëƒ¥ ë°”ë¥´ê³ ë°”ë¡œì“°ë‚˜ìš”?? ì–¼ë§ˆë‚˜ë§ë¦¬ë‚˜ìš”? ìžì„¸í•œì„¤ëª…ì´ ì—†ë„¤ìš”ã…œã…œ ì•ˆë°–ìœ¼ë¡œë‹¤ë°”ë¥´ë‚˜ìš”???
296,48,849,"ìž¥ê°‘ë„ ê»´ì•¼í•˜ëŠ”ì§€,, ë§‰ ë°”ë‹¥ì—ì‹ ë¬¸ì§€ê°™ì€ê±°ê¹”ì•„ì•¼í•˜ëŠ”ì§€... ìœ íŠœë¸Œì—ì³ì„œ ë³´ë ¤ê³ í•´ë„ ì •í™•ížˆì´ë¦„ì´ë­”ì§€ëª°ë¼ì„œì–´ë µë„¤ìš”ã… ã…  "
297,48,850,ì˜¤ì¼ì„ ë°œë¼ì„œ ë³´ë‚´ì£¼ì‹¤ ìˆœ ì—†ëŠ”ê±´ê°€ìš”...?!
298,48,851,í˜¹ì‹œasë˜ë‚˜ìš”~?
299,48,852,ì˜¤ì¼ í•˜ë‚˜ ì‚¬ì„œ ë‘ ê°œì˜ ì œí’ˆì„ ë‹¤ ì¹ í•  ìˆ˜ ìžˆì„ê¹Œìš” ì•„ë‹ˆë©´ ì œí’ˆ í•˜ë‚˜ë‹¹ ì˜¤ì¼ í•˜ë‚˜ì”© ë‹¤ ì“°ë‚˜ìš©
300,48,853,ì–´ì œ ê²°ì œí–ˆëŠ”ë° ì–¸ì œ ë°°ì†¡ì´ ì‹œìž‘ë ê¹Œìš”?
301,49,854,ì •ë§ ì˜ˆë»ìš”~^^ ì¸**ì— ê¸€ì˜¬ë ¸ë”ë‹ˆ ë™ê¸°ë“¤ì´ ì´ì˜ë‹¤ê³  ë‚œë¦¬ìž…ë‹ˆë‹¤ã…Žã…Ž ê³µêµ¬í•˜ìžë©°ã…Žã…Žë§í¬ ë¿Œë ¸ì–´ìš” í¬í¬ ê°ì‚¬í•©ë‹ˆë‹¤
302,49,855,ì›”ë„› ì‹œí‚¤ë ¤ê³  í•˜ëŠ”ë° ë‚˜ë¬´ ë¬´ëŠ¬ê°€ ê°€ë¡œê°€ ì•„ë‹ˆê³  ì„¸ë¡œë¡œ ì˜¤ê¸°ë„ í•˜ë‚˜ì—¬??ã… 
303,49,856,"ì•„ì´ë“¤ ì„ ë¬¼ë¡œ ì—¬ëŸ¬ê°œ ì£¼ë¬¸í•˜ê³ ì‹¶ì€ë° ê·¸ë•Œ ì´ë¦„ê°ì¸ì€ ê°ê°í•˜ê³ ì‹¶ì€ë° 
ì—¬ëŸ¬ëª…ì˜ ì•„ì´ë“¤ ì´ë¦„ì„ ì–´ë””ì— ì ë‚˜ìš”"
304,49,857,í˜¹ì‹œ ê¸€ì”¨ì²´ëŠ” ìž˜ ëª°ë¼ì„œìš”ã…œì´ˆë“±í•™êµ ì¡¸ì—… ì¤‘í•™ìƒë˜ëŠ” ì•„ì´ë“¤ì´ ì¢‹ì•„í• ë§Œí•œ ê¸€ì”¨ì²´ ì¶”ì²œìœ¼ë¡œ ê·€ì—¬ìš´ ê¸€ì”¨ì²´ë¡œ ê°ì¸ë„ ê°€ëŠ¥í•œê°€ìš”~~
305,49,858,íœ´ëŒ€í°ì— ê°€ì£½ìž¬ì§ˆì˜ ì—´ê³ ë‹«ëŠ” ì¹´ë“œì¼€ì´ìŠ¤ ì‚¬ìš©í•˜ê³  ìžˆëŠ”ë° ë‘ê»˜ê°€ ì¢€ ìžˆëŠ”ë° íœ´ëŒ€í° ë“¤ì–´ê°ˆê¹Œìš”? íœ´ëŒ€í° ë“¤ì–´ê°€ëŠ” ìž…êµ¬ í­ ëª‡cmì¸ì§€ ì¢€ ì•Œë ¤ì£¼ì„¸ìš”
306,49,859,LG V50 ë“€ì–¼ìŠ¤í¬ë¦°ë„ ê°€ëŠ¥í•œê°€ìš”?
307,49,860,ëŒ“ê¸€ì„ ì•ˆë³´ì‹œë„¤ìš”
308,49,861,ê°ì¸í˜¹ì‹œ ë¡œê³ ë¡œë„ ê°€ëŠ¥í•œê°€ìš”?
309,49,862,ê¸€ìžëŠ” ëª‡ê¸€ìžê¹Œì§€ ê°€ëŠ¥í•œê°€ìš”?
310,49,863,ì €ë„ ê°ì¸ ëª‡ê¸€ìžê¹Œì§€ ê°€ëŠ¥í•œì§€ ê¶ê¸ˆí•©ë‹ˆë‹¤
311,50,864,ì£¼ì†Œë„ ì•ˆì ì—ˆëŠ”ë° êµ¬ë§¤í•˜ë ¤ë‹ˆ ë„ì„œì‚°ê°„ì´ë¼ê³  3ì²œì›ì´ ì¶”ê°€ê°€ ë˜ë„¤ìš”..
312,50,865,"ìœ„ì— ëŒ“ê¸€ ë³´ë‹ˆê¹Œ ë¼ìš°ê¸°ë§Œ í•˜ë©´ ëœë‹¤ê³  í•˜ì…¨ëŠ”ë° 
ê·¸ëŸ¼ ë°°ì†¡ì€ ë¶„ë¦¬ë˜ì„œ ì™€ì„œ ì˜¨ê±° ê·¸ëƒ¥ ì¡°ë¦½ë§Œ í•˜ë©´ ë˜ëŠ”ê²Œ ë§žë‚˜ìš”?
ê·¸ë¦¬ê³  ì²˜ìŒ ì¡°ë¦½í•˜ê³ ë‚˜ì„œë„ ì¶”í›„ì— íŽ¸ì˜ì— ë”°ë¼ ë¶„ë¦¬ê°€ ê°€ëŠ¥í•œê°€ìš”?
ì•„ë‹˜ í•œë²ˆ ì¡°ë¦½í•˜ë©´ í•´ì²´ê°€ ì•ˆë˜ë‚˜ìš”?"
313,50,866,ìƒíŒí•˜íŒì‚¬ì´ì¦ˆë¡œë§Œë‚˜ì™€ ëŒ€ëžµì‚¬ì´ì¦ˆê°€ ì§ìž‘ì´ì–´ë µë„¤ìš” ì¡°ë¦½í–ˆì„ë•Œ ëŒ€ë½ì‚¬ì´ì¦ˆ ë¶€íƒë“œë ¤ìš”
314,50,867,"ë°°ì†¡ í¬ìž¥ ëœ¯ì–´ë³´ê³  ì¡°ë¦½í•´ì•¼ í•´ì„œ ê±±ì •ë˜ì—ˆëŠ”ë° í•´ë³´ë‹ˆê¹Œ ë„˜ ì‰¬ì›Œì„œ ì¢‹ì•˜ì–´ìš”^^
íƒìžì£¼ë³€ì— ë„ë ¤ìžˆë˜ ì±…ë“¤ì„ ê½‚ì•„ì„œ  íƒìžì˜†ì— ë‘ì—ˆë”ë‹ˆ ì •ë¦¬ì™€ ì¸í…Œë¦¬ì–´ íš¨ê³¼ê¹Œì§€ ë‘ë§ˆë¦¬ í† ë¼ë¥¼ ìž¡ì•˜ìŠµë‹ˆë‹¤.ê°ì‚¬í•©ë‹ˆë‹¤^^"
315,50,868,ìžìž‘ë‚˜ë¬´ ì±…ê½ƒì´ ì‚¬ì´ì¦ˆë¥¼ ì§€ê¸ˆë³´ë‹¤ ë‘ë°°í¬ê¸°ë¡œ ì œìž‘ ê°€ëŠ¥í•œê°€ìš”?
316,50,869,ì¡°ë¦½í• ë•Œ ì¢€ ì• ë¨¹ì€ê±° ë¹¼ê³¤ ë‹¤ ì¢‹ì•„ìš”~~ì €ë§Œì˜ ì±…ê½‚ì´ ìž…ë‹ˆë‹¤..í–‰ë³µí•©ë‹ˆë‹¤~
317,50,870,ì œì£¼ë°°ì†¡ê°€ëŠ¥í• ê¹Œìš”?
318,50,871,ì¢€ ìž‘ì€ ì‚¬ì´ì¦ˆë¥¼ íŒë§¤í•˜ì‹¤ ê³„íšì€ ì—†ìœ¼ì‹ ê°€ìš”?ã… .ã… 
319,50,872,ì œê±´  ëˆ„ë½ëœê±¸ê¹Œìš” 16ì¼ì£¼ë¬¸ë„£ì—ˆëŠ”ë° ì–¸ì œ ë°°ì†¡ë˜ë‚˜ìš”
320,50,873,ì•ˆë…•í•˜ì„¸ìš” ì–¸ì œì¯¤ ë°°ì†¡ë ê¹Œìš”~~~??
321,51,874,ë‹¹ë„ê°€ ë§Žì´ ë†’ë‚˜ìš”?
322,51,875,500ê·¸ëžŒ ë”¸ê¸°+íŒ¨ì…˜í›„ë¥´ì¸  ì„¸íŠ¸ ì£¼ë¬¸í•˜ë ¤ í•˜ëŠ”ë°ìš” ê·¸ëŸ¼ ì´ 1í‚¤ë¡œê°€ ì˜¤ëŠ”ê±´ê°€ìš”? ì–´ë¥¸ê»˜ ì„ ë¬¼í•˜ë ¤ í•´ì„œ ìœ„ì— ì˜¬ë ¤ë†“ìœ¼ì‹  ì‚¬ì§„ì²˜ëŸ¼ ê³°ì€ ë°•ìŠ¤ì— í¬ìž¥ë˜ì–´ ì˜¤ëŠ”ê±° ë§žë‚˜ìš”?
323,51,876,ë”¸ê¸°ì²­ 500gë°˜ë°˜ë”¸ê¸°ì²­ ì´ëž€ ë¬´ì—‡ì¸ê°€ìš”? ë”¸ê¸°ê°€  500gì˜ ë°˜ 250gì´ ë“¤ì—ˆë‹¤ëŠ” ê²ƒì¸ê°€ìš”?
324,51,877,500gí•˜ë‚˜ êµ¬ë§¤í•˜ë ¤ëŠ”ë° í•˜ë‚˜ë„ í¬ìž¥ì´ ë˜ë‚˜ìš”?
325,51,878,ë°˜ë°˜ ë”¸ê¸°ì²­ê³¼ ë ˆëª¬ì²­ ì„¸íŠ¸ë¡œ ì£¼ë¬¸í•˜ë©° ì„ ë¬¼ í¬ìž¥ë˜ì„œ ì˜¤ë‚˜ìš”?
326,51,879,ë°”ë¡œ ì£¼ë¬¸í•˜ë©´ ê¸ˆìš”ì¼ ì´ì „ì— ë°›ì„ ìˆ˜ ìžˆì„ê¹Œìš”?
327,51,880,ì£¼ë¬¸ ì•ˆë˜ë‚˜ìš”ã… ã… ?
328,51,881,"500g ë‘ë³‘ ì„¸íŠ¸ìƒí’ˆì€ í¬ìž¥ ë˜ëŠ” ê±´ê°€ìš”?
í˜¹ì‹œ ê°ê° í¬ìž¥ë„ ê°€ëŠ¥í•œê°€ìš”?"
329,51,882,ì–¸ì œê¹Œì§€íŒë§¤í•˜ë‚˜ìš”
330,51,883,ìž¬ì£¼ë¬¸í•˜ë ¤ëŠ”ë° ì£¼ë¬¸ì°½ì´ ì•ˆì—´ë ¤ìš” 
331,52,884,í˜¹ì‹œ ì œí’ˆì„ êµ¬ë§¤í•˜ê³  ì–´ë–¤ì‹ìœ¼ë¡œ ë¨¹ìœ¼ë©´ ì¢‹ì€ì§€ ì•Œìˆ˜ìžˆì„ê¹Œìš”~?
332,52,885,ì œí’ˆ êµ¬ë§¤í–ˆëŠ”ë° ì–¸ì œì¯¤ ë°œì†¡ë  ì§€ ì•Œ ìˆ˜ ìžˆì„ê¹Œìš”?
333,52,886,"ì €ë„ìž¬êµ¬ë§¤í•˜ëŸ¬ì™“ë‹¤ê¸€ëƒ‰ê²¨ìš”~~
ë„˜ë§›ìžˆì–´ìš”~ì§±!!
ë²ˆì°½í•˜ì‹œê³ ê±´ê°•í•˜ì„¸ìš©"
334,52,887,ë°”ë¡œ ì£¼ë¬¸í•˜ë©´ ê¸ˆìš”ì¼ ì´ì „ì— ë°›ì„ ìˆ˜ ìžˆì„ê¹Œìš”??
335,52,888,ì € ê¸ˆìš”ì¼ë¡œ ë°œì†¡ì¼ ì„¤ì •í•´ë†¨ëŠ”ë° í† ìš”ì¼ì— ë°›ì„ ìˆ˜ ìžˆì„ê¹Œìš”ã… ã… 
336,52,889,ì˜¤ëŠ˜ êµ¬ë§¤ í–ˆëŠ”ë° ì„¤ ì´í›„ì— ë°›ì„ ìˆ˜ ìžˆë‚˜ìš”~?
337,52,890,8ì¼ ì¶”ê°€ ì¶œê³ ê±´ ì•ˆë³´ë‚´ì…¨ë‚˜ìš”?ã…  ê¸°ì¡´ 5ì¼ì¶œê³ ê±´ì€ í† ìš”ì¼ ìˆ˜ë ¹í–ˆëŠ”ë° ì–´ì œ ì¶œê³ ê±´ì€ ë”°ë¡œì—°ë½ì—†ë„¤ìš”
338,52,891,ì•ˆë…•í•˜ì„¸ìš” ì§€ê¸ˆ êµ¬ë§¤í•˜ë©´ í˜¹ì‹œ ë‚´ì¼ ì˜¤ì „ ì¤‘ìœ¼ë¡œ ë°›ì„ ìˆ˜ ìžˆì„ê¹Œìš”??
339,52,892,ì•„ë‹ˆë©´ ì˜¤í”„ë¼ì¸ìœ¼ë¡œ êµ¬ë§¤ ê°€ëŠ¥í•œê°€ìš”?
340,52,893,í°ìš°ìœ  ì•ˆë¨¹ëŠ” ì•„ì´ê°€ ë”¸ê¸°ìš°ìœ í•´ì£¼ë‹ˆ ìž˜ë¨¹ì–´ì„œ ìž¬êµ¬ë§¤í–ˆì–´ìš”^^
341,53,894,ì €ë‘ì‹œìŒì‹ ì²­í•´ìš”!
342,53,895,ì‹œìŒ ì‹ ì²­ê°™ì´ í•˜ë ¤í•˜ëŠ”ë° êµ¬ë§¤ì°½ì— ì—†ë„¤ìš”
343,53,896,"ì²«ë¬¸êµ¬.
ì§€ê¸ˆê» ë§ˆì…”ë³¸ ì»¤í”¼ì¤‘ ê°€ìž¥ ë§›ìžˆì§€ ì•Šë‹¤ë©´ ì „ì•¡í™˜ë¶ˆ ì´ëž€ ë¬¸êµ¬ë§Œ ë³´ê³  ì£¼ë¬¸í•˜ê³  ì‹¶ì–´ì¡Œì–´ìš”..ì‹œìŒë„ í•¨ê»˜ ì‹ ì²­ê°€ëŠ¥í•œê°€ìš”?"
344,53,897,"ì£¼ë¬¸í•œ ì»¤í”¼ê°€ ì˜¤ëŠ˜ ë°°ì†¡ì™”ëŠ”ë° ë¬´ë£Œì‹œìŒì€ ì˜¤ì§€ì•Šì•˜ë„¤ìš” ã…œã…œ ë”°ë¡œ ìš”ì²­ì„í•´ì•¼í–ˆë˜ê±´ì§€,,, ã…œã…œ"
345,53,898,"ê·¸ëƒ¥ ì£¼ë¬¸ì„ í•˜ë©´ ë¬´ë£Œì‹œìŒì„ ì±™ê²¨ì¤˜ì•¼í•˜ëŠ”ê±° ì•„ë‹Œê°€ìš”?ëŒ“ê¸€ë“¤ì„ ë³´ë‹ˆ,, ì£¼ë¬¸ì‹œ ì–´ë””ì—ë„ ì²´í¬í• ë°©ë²•ì´ ì—†ê³ .ë‹¤ë“¤ ì˜¤ì§€ì•Šì•˜ë‹¤ê³  í•˜ëŠ”ë°,,, ì¡°ê¸ˆ ì•„ì‰½ë„¤ìš” ã…œã…œ"
346,53,899,"ê°œë´‰ í›„ì—ëŠ” ì–¼ë§ˆ ì •ë„ ì•ˆì— ë‹¤ ë¨¹ì–´ì•¼í•˜ë‚˜ìš”?
ìœ í†µê¸°í•œ ì œì¡°ì¼ë¡œë¶€í„° 45ì¼ì´ëž€ ì•ˆë‚´ëŠ” ë³´ì•˜ëŠ”ë°
ê°œë´‰ í›„ì—ëŠ” ëŒ€ëžµ ì–´ëŠ ì •ë„ ì•ˆì— ë¨¹ì–´ì•¼í• ì§€ ë¬¸ì˜ë“œë¦½ë‹ˆë‹¤~"
347,53,900,ë””ì¹´íŽ˜ì¸ë„ ë¬´ë£Œì‹œìŒ ì„œë¹„ìŠ¤ ë„£ì–´ì£¼ì„¸ìš¥ã… ã… 
348,53,901,ì£¼ë¬¸í•´ì„œ ìž˜ë°›ì•˜ëŠ”ë° ë¬´ë£Œì‹œìŒì€ ë³„ë„ë¡œ ë°œì†¡ì•ˆí•´ì£¼ì‹œëŠ”ê±´ê°€ë´ìš”?ã… ã… 
349,53,902,ì‹œìŒì‹ ì²­í•˜ê³ ì‹¶ìŠµë‹ˆë‹¤.
350,53,903,11ì‹œ ë„˜ì—ˆëŠ”ë°.. ì§€ê¸ˆ ì£¼ë¬¸í•˜ë©´ ì˜¤ëŠ˜ë°œì†¡ ì•ˆë ê¹Œìš”?
351,54,904,ë³´í†µ ìœ í†µê¸°í•œì´ ì–¼ë§ˆë‚˜ ë˜ë‚˜ìš”? ì„ ë¬¼í•˜ë ¤ëŠ”ë° ë¯¸ë¦¬ ì‚¬ë‘˜ê¹Œ í•´ì„œìš” ã…œã…œ
352,54,905,ì¹´íŽ˜ì¸ì´ ìžˆëŠ” ê²½ìš° ê¸°ì¡´ ì»¤í”¼ ëŒ€ë¹„ ì–´ëŠì •ë„ ì¹´íŽ˜ì¸ì´ í•¨ìœ  ë˜ì–´ìžˆëŠ”ì§€ ì•Œ ìˆ˜ ìžˆì„ê¹Œìš”?
353,54,906,500mlëŠ” ë””ì¹´íŽ˜ì¸ í—¤ì´ì¦ë„›ì´ëž‘ ë””ì¹´íŽ˜ì¸ë°”ë‹ë¼ëŠ” ì—†ë‚˜ìš”?
354,54,907,"17ì¼ ì£¼ë¬¸ì¸ë°,ì¶œê³ ë„ ì•ˆëì–´ìš”..ì„¤ ë°°ì†¡ì´ëž‘ ê°™ì´ ì£¼ë¬¸í•´ì„œ ëˆ„ë½ëœê±´ì§€, í™•ì¸ë¶€íƒë“œë¦½ë‹ˆë‹¤.. ì„ ë¬¼í• ê±° ìžˆì—ˆëŠ”ë°........ã… ã… "
355,54,908,ì–´ë–¤ ë§›ì´ ê°€ìž¥ ìž˜ë‚˜ê°€ë‚˜ìš”?
356,54,909,"í•­ìƒ 500ì§œë¦¬ ì„¸ë³‘ êµ¬ìž…í•˜ëŠ”ë° ì¼íšŒìš©í’ˆ ì¤„ì—¬ë³´ê³ ìž ì¼ë¦¬í„°ë¡œ êµ¬ë§¤í•˜ë ¤ í–ˆë”ë‹ˆ ë” ë¹„ì‹¸ë„¤ìš”,,,, íê·œ "
357,54,910,í¬ìž¥ì´ 2ì¢…ë¥˜ì´ë˜ë° ê°ê°í¬ìž¥í›„ì˜ ëª¨ìŠµ ì‚¬ì§„ì„ ë³¼ ìˆ˜ ìžˆì„ê¹Œìš”??
358,54,911,ì¹´íŽ˜ì¸ í•¨ëŸ‰ì´ ì–´ëŠì •ë„ ë˜ìš”?
359,54,912,ê°œì¸ì ìœ¼ë¡œ ì•„ë©”ë¦¬ì¹´ë…¸ ë§ˆì‹¤ë•Œ ì‚°ë„ë†’ì€ ì»¤í”¼ë¥¼ ì¢‹ì•„í•˜ì§€ ì•Šì§€ë§Œ ë¼ë–¼ëŠ” ì‚°ë¯¸ê°€ ì¢€ ìžˆëŠ”ê²Œ ë§›ìžˆë”ë¼êµ¬ìš”. ë¼ë–¼ë¡œ ë¨¹ê¸°ì—” ì ¤ ì¢‹ì€ ì›ë‘ ì¶”ì²œí•´ì£¼ì„¸ìš” :)
360,54,913,ë°”ë‹ë¼ë² ì´ìŠ¤ëŠ” ë°”ë‹ë¼ ì‹œëŸ½ë§Œ íŒë§¤í•˜ëŠ”ê²Œ ì•„ë‹ˆë¼ ë°”ë‹ë¼ì‹œëŸ½ê³¼ ì»¤í”¼ê°€ ê°™ì´ ì„žì—¬ìžˆëŠ”ê²Œ ë§žë‚˜ìš”?
361,55,914,ë¼ì´íŠ¸ í—¤ì´ì¦ë„›ë”ì¹˜ ëƒ‰ìž¥ë³´ê´€ìœ¼ë¡œ ì–¼ë§ˆë‚˜ í•  ìˆ˜ ìžˆë‚˜ìš”?? ê·¸ë¦¬ê³  ë¼ì´íŠ¸ í—¤ì´ì¦ë„› ë”ì¹˜ëŠ” ê·¸ëƒ¥ í—¤ì´ì¦ë„› ë”ì¹˜ëž‘ ë¹„êµí–ˆì„ë•Œ ì¹´íŽ˜ì¸ì´ ì–´ëŠì •ë„ ëœ ë“¤ì–´ê°„ê±´ê°€ìš”?
362,55,915,ìž‘ê°€ë¬¸ì˜ì— ì±„íŒ…ë‚¨ê²¼ìŠµë‹ˆë‹¤ í™•ì¸í•´ë³´ì‹œê³  ë‹µë³€ ë¶€íƒë“œë¦½ë‹ˆë‹¤
363,55,916,ìž‘ê°€ë‹˜ ë””ì¹´íŽ˜ì¸ì€ ì–¸ì œ ë‹¤ì‹œ íŒë§¤í•˜ì‹œë‚˜ìš”?
364,55,917,ìž‘ê°€ë‹˜ í¬ì„ì€ ë¬¼ì´ëž‘ ì–´ëŠì •ë„ ì„žìœ¼ë©´ ë˜ë‚˜ìš”~?
365,55,918,ê³ ì†Œë¼ë–¼ëŠ” ìš°ìœ  íƒ€ë¨¹ëŠ”ê±°ì—ìš”?
366,55,919,ì•ˆë…•í•˜ì„¸ìš” ë‹¬ì½¤ì»¤í”¼ëŠ” ë¼ë–¼ìš©ì¸ê°€ìš”?? ë‹¬ì•„ì„œ ë‹¬ì½¤ì¸ê°€ìš”??
367,55,920,í˜¹ì‹œ ì½”ìŠ¤íƒ€ë¦¬ì¹´ ë”°ë¼ì£¼ í• ì¸ ì¼ìš”ì¼ê¹Œì§€ì¼ê¹Œìš”??
368,55,921,ì•„ë©”ë¦¬ì¹´ë…¸ì™€ ë¹„ìŠ·í•œ ì›ì•¡ì„ ì‚¬ë ¤ë©´ ë¬´ì—‡ì„ ê°€ìž¥ ì¶”ì²œí•˜ì‹œë‚˜ìš”?
369,55,922,ì•ˆë…•í•˜ì„¸ìš” í˜¹ì‹œ ì§€ê¸ˆ êµ¬ìž…í•˜ë©´ ë‚´ì¼ ì˜¤ì „ì¤‘ìœ¼ë¡œ ë°›ì„ ìˆ˜ ìžˆì„ê¹Œìš”?? ì•„ë‹ˆë©´ ì˜¤í”„ë¼ì¸ìœ¼ë¡œ êµ¬ë§¤ë„ ê°€ëŠ¥í• ê¹Œìš”?
370,55,923,ì½œë¡¬ë¹„ì•„ ì¹´íŽ˜ì¸ í•¨ëŸ‰ì´ ê¶ê¸ˆí•©ë‹ˆë‹¤
371,56,924,ì£¼ë§ì— ì‹œì¼°ëŠ”ë° ì–¸ì œ ë°°ì†¡ë˜ë‚˜ìš”~~?
372,56,925,"ì›”ìš”ì¼ì— ì£¼ë¬¸í–ˆëŠ”ë°..  ì–¸ì œë°œì†¡ë˜ë‚˜ìš”? 
ë‚´ì¼ë„ ë°œì†¡ì•ˆë˜ë©´ ìš”ë²ˆì£¼ëŠ” ëª»ë°›ê² ë„¤ìš”ã…œã…œ
"
373,56,926,ì™œ ì•„ì§ ì•ˆì˜¤ëŠ”ê±¸ê¹Œìš”?
374,56,927,ìž„ì‚°ë¶€ê°€ë¨¹ì–´ë„ë˜ìš”??
375,56,928,25ê°œì›” ì•„ì´ê°€ ë§ˆì‹¤ê±´ë° ê´œì°®ì„ê¹Œìš”?
376,56,929,ì–´ì œì£¼ë¬¸í–ˆëŠ”ë° ì–¸ì œì¯¤ë°°ì†¡ë ê¹Œìš”?
377,56,930,ì£¼ë¬¸ì„ ìž˜ëª»í–ˆëŠ”ë° ì·¨ì†Œê°€ ê°€ëŠ¥í• ê¹Œìš”?
378,56,931,ì£¼ë¬¸ ì·¨ì†Œ ë¶€íƒë“œë¦½ë‹ˆë‹¤
379,56,932,ì£¼ì†Œ ëˆ„ë½ëœ ê²Œ ìžˆì–´ ëŒ€í™”ì°½ì— ë³´ë‚´ë“œë ¸ì–´ìš”. í™•ì¸ë¶€íƒë“œë¦½ë‹ˆë‹¤!
380,56,933,ë³´ë¦¬ì°¨ë¥¼ ë“ì—¬ë¨¹ëŠ”ë° ê±°ë¦„ë§ì—ë„£ê³  ë“ì—¬ë¨¹ì–´ë„ ê´œì°®ë‚˜ìš”? ì•½ 3.5ë¦¬í„°ì •ë„ë˜ëŠ”ë° ëª‡ê°œì¯¤ë„£ì–´ì•¼í•˜ë‚˜ìš”?
381,57,934,ë¼ê°ì°¨ ì•ˆí•˜ì‹œë‚˜í–ˆëŠ”ë° ë“œë””ì–´~~! ì£¼ë¬¸í• ê»˜ìš”
382,57,935,"ìž‘ê°€ë‹˜~ ìž¬ì£¼ë¬¸í•˜ê³ , ì£¼ì†Œê´€ë ¨í•´ì„œ ì‹¤ìˆ˜ê°€ ìžˆì–´ì„œ..ã… ã…  ìˆ˜ì • ë©”ì‹œì§€ ë³´ëƒˆìŠµë‹ˆë‹¤! í™•ì¸ë¶€íƒë“œë ¤ìš”~^^"
383,57,936,"ì •ë§ íš¨ê³¼ê°€ ì¢‹ì•„ìš”! ì„ ë¬¼ìš©ìœ¼ë¡œ ì¢‹ì„ê²ƒ ê°™ì•„ìš”â™¡ 7ì›” í• ì¸ ëë‚˜ê¸°ì „ì—  ë±ƒì‚´ ë§Žì€ ì¹œêµ¬, ì–¸ë‹ˆë“¤ ì„ ë¬¼ë¡œ ì‚¬ì•¼ê² ì–´ìš”!^^"
384,57,937,01083322835 ë¬¸ë¦í•˜ê³  ì‹¶ì–´ê±°ìš”
385,57,938,ì°¬ë¬¼ì— ê·¸ëƒ¥ë„£ì–´ì„œ ë§ˆì…”ë‘ë˜ë‚˜ìš”:)?
386,57,939,ì•ˆë…•í•˜ì„¸ìš”~ ë¼ì§€ê°ìžë¥¼ ìž˜ë¼ ë§ë¦°ì œí’ˆì¸ê°€ìš”??
387,57,940,ìž‘ë‘ì½©ì´ëž‘ ë¼ì§€ê°ìžëž‘ ì„žì–´ì„œ ë¨¹ì–´ë„ë˜ëŠ”ê°€ìš”??
388,57,941,ë¼ì§€ê°ìžì°¨ëž‘ ê°™ì´ ë³´ë¦¬ì°¨ë‚˜ ì˜¥ìˆ˜ìˆ˜ë‚˜. . .  ê°™ì´ ì„žì–´ ìš°ë ¤ë¨¹ì–´ë„ ë˜ë‚˜ìš”?
389,58,942,ìž‘ê°€ë‹˜ ì˜¤ëŠ˜ì£¼ë¬¸í–ˆëŠ”ë° ì–¸ì œ ë°°ì†¡ë ê¹Œìš”
390,58,943,15000ì›ì— 2ë³‘ ë°°ì†¡ë˜ëŠ”ê±°ì£ ?
391,58,944,11ì¼ì— ì‹œí‚¤ë©´ ì–¸ì œ ë°°ì†¡ë˜ëŠ”ê±´ê°€ìš”??
392,58,945,500ì§œë¦¬ ë‘ê°œì˜¤ëŠ”ê±´ê°€ìš”?
393,58,946,"ì–´ì œ ë„ì°©í•´ì„œ ë„˜ ë§›ë‚˜ê²Œ ë¨¹ê³ ìžˆì–´ìš”~~^^
ë°©ê¸ˆ ì¶”ë§¤í–ˆì–´ìš”~~~~~~~^^â™¡
ê°ì‚¬í•´ìš”^^"
394,58,947,ì˜¤ëŠ˜ì£¼ë¬¸í•˜ë©´ ë‹¹ì¼ë°œì†¡ê°€ëŠ¥í• ê¹Œìš”? ì„ ë¬¼í•˜ë ¤ê³ í•´ì„œìš” ê¸ˆìš”ì¼ ì˜¤ì „ì—ë“œë ¤ì•¼í•´ì„œ ê°€ëŠ¥í•˜ë©´ ì‹œí‚¤ë ¤ê³ ìš”ã… .ã… 
395,58,948,ë°©ê¸ˆê²°ì œ 4ê°œ í–ˆëŠ”ë° ì›”ìš”ì¼ ë°›ì•„ë³¼ìˆ˜ ìžˆì„ê¹Œìš”??
396,58,949,3ì‹œë„˜ì–´ì„œ ê²°ì œí•´ì„œ...ì·¨ì†Œìš”ì²­ë“œë ¸ìŠµë‹ˆë‹¤..
397,58,950,ë°°ì†¡ê°€ëŠ¥í•œì§€...ë‹µë³€ì¢€ë¶€íƒë“œë¦¬ê³  ê°€ëŠ¥í•˜ì‹œë©´ ì·¨ì†Œ í•˜ì§€ì•Šê³  ë°°ì†¡í•´ì£¼ì„¸ìš”
398,58,951,1ì›” 30ì¼ë‚  ì£¼ë¬¸í–ˆëŠ”ë° ì–¸ì œ ë°°ì†¡ë˜ë‚˜ìš”
399,59,952,ë¬´ì„¤íƒ• ë”¸ê¸°ì£¼ìŠ¤ê°€ í”ì¹˜ ì•Šì€ë° ë§›ìžˆëŠ” ë”¸ê¸°ë¡œ ë§Œë“¤ì–´ì„œ ë” ê¸°ëŒ€ ë©ë‹ˆë‹¤!
400,59,953,ì˜¤ ë”¸ê¸°ì²­ë§Œ ì£¼ë¬¸í–ˆëŠ”ë° ì¥¬ìŠ¤ë„ ìžˆë„¤ìš”ã…Žã…Ž
401,59,954,ë”¸ê¸°ì¥¬ìŠ¤ ì˜¤ëŠ˜ì˜¤ì „ì— ê²°ìž¬í•´ë„ ì˜¤ëŠ˜ ë°œì†¡ íž˜ë“¤ê² ì£ ?
402,59,955,ìƒê³¼ì¼ ì¥¬ìŠ¤ì²˜ëŸ¼ ê·¸ëƒ¥ ìš”ê²ƒë§Œ ë¨¹ì–´ë„ ë˜ê²Ÿì£ ?
403,59,956,ì–¸ì œ ë°°ì†¡ë ê¹Œìš”?
404,59,957,ì´ì œ ì´ê±° ë„˜ë§›ìžˆì–´ì„œ ë‹¤í”ì£¼ìŠ¤ëª»ë¨¹ê² ì–´ìš” ã… ã… ã…  ì±…ìž„ì§€ì„¸ìš” ã… ã…  
405,59,958,"ëƒ‰ë™ë³´ê´€í–ˆë‹¤ê°€ í•´ë™í•  ë•Œ, ë°©ë²•ì´ë‚˜ íŒì´ ìžˆì„ê¹Œìš”?ã…Žã…Ž ì‹¤ì˜¨ì—ì„œ? ëƒ‰ìž¥ì—ì„œ? í•´ë™ í›„ì—ëŠ” ê°œë´‰í•´ì„œ 1-2ì¼ ì•ˆìœ¼ë¡œ ë¨¹ìœ¼ë©´ ë ê¹Œìš”?"
406,59,959,ðŸ“ ë”¸ê¸°ì²­ì— ì´ì–´ì„œ ë”¸ê¸°ì¥¬ìŠ¤ë„ ë¨¹ê³ ì‹¶ë„¤ìš” ã…Žã…Ž
407,60,960,2000ì›ì´ë©´ íŒ©í•œê°œì˜ ê°€ê²©ì¸ê°€ìš”?
408,60,961,18ë²ˆ ë‹¬ì½¤í•œ í•˜ë£¨ëŠ” ì œìž‘í˜•ì¼ ë•ŒëŠ” ì–´ë””ë¥¼ ë³€ê²½í•  ìˆ˜ ìžˆëŠ”ê±´ê°€ìš”? ì•ˆ ë‚˜ì™€ìžˆì–´ì„œìš”~
409,60,962,ìœ í†µê¸°í•œì€ ì–´ë–»ê²Œ ë˜ë‚˜ìš”?
410,60,963,ìœ í†µê¸°í•œì´ ë³´í†µ ì œì¡°ì¼ë¡œë¶€í„° ì–¼ë§ˆì •ë„ê¹Œì§€ì¸ê°€ìš”? 
411,60,964,ë‘ê°€ì§€ ì‹œì•ˆì„ ì„žì–´ì„œ êµ¬ë§¤ëŠ” ì•ˆë˜ë‚˜ìš”? 
412,60,965,"ì‚¬ìž¥ë‹˜ ì—´ì‹œ ë„˜ì–´ì„œ ì‹ ì²­í–ˆê³  ì œìž‘ìœ¼ë¡œ 
ë¬¸êµ¬ ë³„ë„ ìž…ë ¥í–ˆëŠ”ë° ë°©ê¸ˆ ë°œì†¡ë˜ì„œ ë‹¹í™©ìŠ¤ëŸ¬ì›Œì„œìš”
ë¬¹
ë¬¸êµ¬ìš”ì²­ ë°˜ì˜ëë‚˜ìš”?"
413,60,966,"ìž‘ê°€ë‹˜ ì¶”ê°€ êµ¬ìž…í•˜ë ¤ëŠ”ë°ìš”
35ê°œ êµ¬ìž…í•˜ê³  ë””ìžì¸ì€ ë™ì¼í•˜ê²Œ ì§„í–‰í•  ìˆ˜ìžˆë‚˜ìš”?
ìƒì¼ì¶•í•˜ë§Œ ë‚±ê°œë”ë¼êµ¬ìš”"
414,60,967,í•œíŒ©ì— ì»¤í”¼í‹°ë°±í•˜ë‚˜ë“¤ì–´ìžˆëŠ”ê±´ê°€ìš”??
415,60,968,ìœ í†µê¸°í•œì´ ì–´ëŠì •ë„ì¸ê°€ìš”?
416,60,969,ìž‘ê°€ë‹˜ ì˜¤ëŠ˜ ë°œì†¡ëœ ì»¤í”¼ ìœ í†µê¸°í•œì€ ì–¸ì œê¹Œì§€ì¸ê°€ìš”??
417,61,970,ìƒë”¸ê¸°ì²­ 172ê°œ ì„ ë¬¼í¬ìž¥ ê° 1ê°œì”©í•´ì„œ 30ì¼ì— ë°›ì•„ë³¼ìˆ˜ìžˆì„ê¹Œìš”??
418,61,971,ìœ í†µê¸°í•œì´ ì–¼ë§ˆë‚˜ ë ê¹Œìš”?
419,61,972,ì–´ë–¤ ì„¤íƒ•ì´ ë“¤ì–´ê°€ë‚˜ìš”?ðŸ™‚
420,61,973,í˜¹ì‹œ ì´10ê°œì£¼ë¬¸í• ê»€ë° 2ì›”4ì¼ì— ë°›ì•„ë³¼ìˆ˜ìžˆê²Œ ë°°ì†¡ê°€ëŠ¥í• ê¹Œìš”? ì„ ë¬¼í• êº¼ë¼ ë°°ì†¡ ë§žì¶°ì£¼ì‹œë©´ ë°”ë¡œ ì£¼ë¬¸í• ê»˜ìš”
421,61,974,ê·¸ëŸ¼ ì œê°€ ë‹´ì£¼ ì›”ìš”ì¼(2/1)ì— ì£¼ë¬¸ì„ í•˜ë©´ ë ê¹Œìš”? 
422,61,975,10ê°œ ì£¼ë¬¸í•˜ë ¤ê³  í•˜ëŠ”ë° 2ì›” 8ì¼ ë°œì†¡ ê°€ëŠ¥í•œê°€ìš”??
423,61,976,5ì¼ì— ì‹œí‚¤ë©´ í˜¹ì‹œ 8ì¼ì— ë°›ì•„ë³¼ìˆ˜ìžˆì„ê¹Œìš”? ëŠ¦ì–´ë„ 9ì¼ì—ìš”!
424,61,977,ì˜¤ëŠ˜ ì£¼ë¬¸í•˜ë©´ 15ì¼ ë°œì†¡ì¸ê°€ìš”ã… ã… ã… ã… ã… ã…    ì„¤ì „ì—ëŠ” ëª»ë°›ì•„ìš©..?
425,61,978,ë©”ì„¸ì§€ í™•ì¸ ë¶€íƒë“œë¦½ë‹ˆë‹¤ ã… 
426,61,979,ìž‘ê°€ë‹˜ ë°©ê¸ˆ êµ¬ë§¤í•´ì„œ ìš”ì²­ì‚¬í•­ ë‚¨ê²¼ëŠ”ë° í™•ì¸í•˜ì‹œê³  ë‹µê¸€ ë¶€íƒë“œë ¤ìš”!
427,62,980,ì•„ì´ê°€ ë§ˆì…”ë„ ê´œì°®ì„ê¹Œìš”? ðŸ˜…
428,62,981,ì´ê±° ìœ í†µê¸°í•œì€ ì–¼ë§ˆë‚˜ ë˜ë‚˜ìš”?
429,62,982,3~4ìŠ¤í‘¼ ì‚¬ìš©ì‹œ ëª‡ìž” ì •ë„ ë‚˜ì˜¬ê¹Œìš”?
430,62,983,ìœ ê¸°ë†ì„¤íƒ•ì´ë©´ ë¹„ì •ì œì„¤íƒ•ì¸ê°€ìš”??
431,62,984,ì˜¤ëŠ˜ ì£¼ë¬¸í–ˆëŠ”ë° ì–¸ì œì¯¤ ì¶œê³ ë ê¹Œìš”?
432,62,985,"ì—¬ëŸ¬ê°€ì§€ ë°©ë²•ìœ¼ë¡œ ë§ˆì…”ë³´ê³  í›„ê¸° ë‚¨ê¸°ëŠë¼ ì´ì œì•¼ ëŒ“ê¸€ë‹¤ë„¤ìš”~~ ì°¨ê°€ìš´ë¬¼ì— íƒ€ë§ˆì…”ë„ ì‹œì›í•˜ë‹ˆ ë§›ìžˆê³  ë”°ëœ»í•œì°¨ë¡œ ë§Œë“¤ì–´ë¨¹ìœ¼ë‹ˆ ì–´ë¨¸ë‹ˆê°€ ë§¤ìš° ì¢‹ì•„í•˜ì…¨ì–´ìš© ã…Žã…Ž íƒ„ì‚°ìˆ˜ì—ë„ íƒ€ë§ˆì…”ë³´ê³  êµ¬ë§¤í›„ê¸°ì— í† ë‹‰ì›Œí„°ì™€ ìˆ ê³¼ ì„žì–´ë§ˆì‹œë©´ ë§›ìžˆë‹¤ê¸¸ëž˜ ì €ë„ ê·¸ë ‡ê²Œ ë¨¹ì–´ë´¤ëŠ”ë° ë„ˆë¬´ ë§›ìžˆë”ë¼êµ¬ìš”,, ì „ ì†Œì£¼+í† ë‹‰ì›Œí„°+ë¯¼íŠ¸ ì´ë ‡ê²Œ ë„£ì–´ì„œ ë§Œë“ ê²Œ ì œì¼ ë§›ìžˆì—ˆì–´ìš”.. ì•žìœ¼ë¡œ ìˆ ì—ëŠ” ì´ ì‹œëŸ½ê°™ìŠµë‹ˆë‹¤. ê·¸ëƒ¥ íƒ„ì‚°ìˆ˜ì—ë§Œ íƒ€ë§ˆì…”ë„ ì²­ëŸ‰í•œ ì—ì´ë“œê°™ì´ ë§¤ìš° ë§›ìžˆì–´ìš” ã… ã…  ,, ì•žìœ¼ë¡œ ê³¼ì¼ì‹œëŸ½ì€ ë‹¤ì†”ë§Œ ì´ìš©í• ê²ë‹ˆë‹¤,,"
433,62,986,í˜¹ì‹œ í•œë³‘ì— ë¼ìž„ ëª‡ê°œ ë“¤ì–´ê°€ëŠ”ì§€ ì•Œìˆ˜ìžˆì„ê¹Œìš”?
434,62,987,6ì›” 8ì¼ ë‚  ì£¼ë¬¸í–ˆëŠ”ë° ì–¸ì œ ë°°ì†¡í•´ì£¼ì‹œëŠ”ì§€ìš”~?
435,62,988,27ì¼ì— ì£¼ë¬¸í–ˆëŠ”ë° ì–¸ì œì¯¤ ë°°ì†¡í•´ì£¼ì‹œë‚˜ìš”??
436,62,989,10/6ì£¼ë¬¸í–ˆëŠ” ë° ì–¸ì œ ë°°ì†¡ë˜ë‚˜ìš”? ì–´ëŠ íƒë°°ì‚¬ë¡œ ë°°ì†¡ë˜ë‚˜ìš”?
437,63,990,ì§€ê¸ˆ ì£¼ë¬¸ì´ ì•ˆë˜ëŠ” ê±´ê°€ìš”??
438,63,991,ì–¸ì œ ë°œì†¡ê°€ëŠ¥í•œê°€ìš”? ë©”ì„¸ì§€ ë‹µë³€ë¶€íƒë“œë ¤ìš”ã… ã… 
439,63,992,ì•ˆë…•í•˜ì„¸ìš”. ëª¨ìž„ìˆ˜ì œì²­ìž…ë‹ˆë‹¤ðŸ’›ëŒ“ê¸€ì€ í™•ì¸ì„ ìž˜ëª»í•˜ë„¤ìš”ã…œã…œ ë©”ì„¸ì§€ëŠ” ë¹ ë¥¸ë‹µë³€ ê°€ëŠ¥í•˜ì„¸ìš”! ë©”ì„¸ì§€ ë‹µë³€ì´ ëŠë¦´ë• ìˆ˜ì œì²­ ìž‘ì—…ì¤‘ì´ë¼ ê·¸ëž˜ìš”..ã… ã… í™•ì¸í•˜ë©´ ëŠ¦ì€ì‹œê°„ì´ë¼ë‘ ë‹µë³€ë“œë¦¬ë‹ˆ ë©”ì„¸ì§€ ë¶€íƒë“œë ¤ìš”â¤ï¸
440,63,993,ìœ ìž10ê°œëž‘ ë ˆëª¬ 9ê°œ ì£¼ë¬¸í•˜ê³  ì‹¶ì€ë° ì§€ê¸ˆ ì•ˆë˜ëŠ” ê±´ê°€ìš”..ã… ã… 
441,63,994,ë©”ì„¸ì§€ í™•ì¸ ì¢€ ë¶€íƒë“œë¦½ë‹ˆë‹¤.. ê·¸ëž˜ì•¼ ë‹¤ì‹œ ì£¼ë¬¸ì„ í•˜ë˜ í• í…ë° ë§ì´ì£ ;
442,63,995,ì–´ì œ ì£¼ë¬¸í–ˆëŠ”ë° ì–¸ì œ ë°œì†¡ë˜ë‚˜ìš”? ã… ã… 
443,63,996,ì˜¤ëŠ˜ì£¼ë¬¸í•˜ë©´ ì–¸ì œë°›ì„ìˆ˜ìžˆë‚˜ìš”
444,63,997,"ì˜¤ëŠ˜ì£¼ë¬¸í•˜ë©´ ì–¸ì œ ë°›ì„ìˆ˜ìžˆë‚˜ìš”?
ëª…ì ˆì„ ë¬¼ë¡œ  ì“¸ê±°ë¼ì„œìš”~ ì„¤ë‚ "
445,63,998,ì˜¤ëŠ˜ ì£¼ë¬¸í•˜ë©´ 16ì¼ê¹Œì§€ ë°›ì„ ìˆ˜ ìžˆì„ê¹Œìš”?
446,63,999,ì˜¤ëŠ˜ ì €ë…ì— ì£¼ë¬¸í•˜ë©´ 19ì¼ê¹Œì§€ ë°›ì„ìˆ˜ ìžˆì„ê¹Œìš”??ã… ã… 
447,64,1000,"ì•ˆë…•í•˜ì„¸ìš”, ë‚ ì”¨ ë•Œë¬¸ì— í˜¹ì‹œ ì•„ì´ìŠ¤ í¬ìž¥ í•„ìˆ˜ë¡œ ì„ íƒí•´ì•¼í• ê¹Œìš”??"
448,64,1001,Q. ë³‘ ë‚´ë¶€ì— ë­‰ì¹˜ê±°ë‚˜ ê°€ë¼ì•‰ëŠ” ê²ƒì´ ìžˆì–´ìš”.
449,64,1002,ì´ë²ˆì— ìš”ì²­ì‚¬í•­ì— ë¬´ë£Œì‹œìŒìš”ì²­ì„ ì•ˆì»ëŠ”ë° ã…  ë‹¤ìŒì—ë¼ë„ ì‹ ì²­í•´ë³¼ìŠˆìž‡ë‚˜ìš”?
450,64,1003,Q. ì‹¤ì˜¨ ë³´ê´€ ë° ë°°ì†¡ ì§€ì—° ë³´ìƒ ì•ˆë‚´
451,64,1004,ìž…ì  í• ì¸ ë©°ì¹ ê¹Œì§€ í•˜ì‹œë‚˜ìš”~?
452,64,1005,ë¬¼ì–¼ë§ˆë‚˜ íƒ€ì„œë¨¹ë‚˜ìš”
453,64,1006,ì—ìŠ¤í”„ë ˆì†Œëž‘ ë¦¬ìŠ¤íŠ¸ë ˆì†Œ? ë‘˜ì˜ ì°¨ì´ê°€ ë­”ê°€ìš”?? ì—ìŠ¤í”„ë ˆì†ŒëŠ” ì¼ë°˜ ì¹´íŽ˜ì—ì„œ ë§ˆì‹œëŠ” ê·¸ ì—ìŠ¤í”„ë ˆì†Œëž‘ ê°™ì€ê±°ë¼ê³  ë´ë„ ë ê¹Œìš”??
454,64,1007,ê·¸ëž˜ë„ ì‹ ì„ í•œ ì»¤í”¼ ë§ˆì‹œê³  ì‹¶ì–´ì„œ ã…Žã…Ž ì•„ì´ìŠ¤í¬ìž¥ ì£¼ë¬¸ìœ¼ë¡œ ë‹¤ì‹œ í–ˆì–´ìš” ì‚°ë¯¸ ìžˆëŠ”ê±¸ ì¢‹ì•„í•˜ëŠ”ë° ë„˜ ì°¾ì•„ë‹¤ë…”ì•„ìš”ã… ã… 
455,64,1008,"ì—ìŠ¤í”„ë ˆì†Œì™€ ë¦¬ìŠ¤íŠ¸ë ˆì†Œ ë‘˜ ì¤‘ í•˜ë‚˜ë§Œ ì‹œìŒí•´ ë³¼ ìˆ˜ ìžˆëŠ” ê±´ê°€ìš”, ì•„ë‹ˆë©´ ë‘˜ ë‹¤ í•œ ë²ˆì”© ì‹œìŒí•´ ë³¼ ìˆ˜ ìžˆëŠ” ê±´ê°€ìš”? ì°¸ê³ ë¡œ ì—ìŠ¤í”„ë ˆì†ŒëŠ” ì´ë¯¸ ì‹œìŒí•´ ë´ì„œ(ë¦¬ìŠ¤íŠ¸ë ˆì†Œê°€ ì—†ë˜ ì‹œì ˆì— ã… ã… ) ë¦¬ìŠ¤íŠ¸ë ˆì†Œê°€ ê¶ê¸ˆí•´ì„œìš” ðŸ˜‚"
456,64,1009,ì¹´íŽ˜ì¸ í•¨ëŸ‰ì´ ì–´ëŠì •ë„ ë˜ë‚˜ìš©??
457,65,1010,ê°œë‹¹ ì¤‘ëŸ‰ì´ ì–´ë–»ê²Œ ë˜ë‚˜ìš”?
458,65,1011,"ì•ˆë…•í•˜ì„¸ìš”..^^
í”Œë ˆì¸ìŠ¤ì½˜ì€ 110g ,  ë‚˜ë¨¸ì§€ ìŠ¤ì½˜ì€ 70g ìœ¼ë¡œ í•˜ê³  ìžˆìŠµë‹ˆë‹¤.
ë‹¤ë§Œ,  ì˜¤ë¸ì—ë„ˆì„œ êµ¬ì›Œì§€ëŠ” ì •ë„ì— ë”°ë¼2~3gì •ë„ ì°¨ì´ë‚ ìˆ˜ìžˆìŠµë‹ˆë‹¤. "
459,65,1012,ì œì£¼ë„ ë°°ì†¡ë˜ë‚˜ìš”?
460,65,1013,í• ì¸ ì–¸ì œê¹Œì§€ í•˜ì‹œë‚˜ìš”??
461,65,1014,ì•ˆë…•í•˜ì„¸ìš” ë°°ì†¡ì •ë³´ëŠ” ì–´ë””ì— ë¬¸ì˜ë“œë ¤ì•¼ í•˜ëŠ”ì§€ ëª°ë¼ ì—¬ê¸°ì— ë‚¨ê²¨ìš” ì œê°€ 14ì¼ ì£¼ë¬¸ì„ í–ˆëŠ”ë° í˜¹ì‹œ ì–¸ì œì¯¤ ë„ì°©ì´ ë ê¹Œìš”? ì œê°€ ë‚´ì¼ë¶€í„° ì§‘ì„ ë¹„ìš°ê²Œ ë˜ì–´ ë¬¸ì˜ë“œë¦½ë‹ˆë‹¤ ì¢€ë” ëŠ¦ì–´ì§€ëŠ”ê±´ ìƒê´€ì—†ëŠ”ë° ì‹í’ˆì´ë‹¤ë³´ë‹ˆ ë¬¸ì•žì— í•œë™ì•ˆ ë‘ê²Œë ê¹Œ ê±±ì •ì´ ë˜ì„œìš” 
462,65,1015,ì˜¤ëŠ˜ ë°°ì†¡ë˜ë©´ ë‚´ì¼ ë„ì°©ë˜ëŠ” ê±¸ê¹Œìš”?  ê·¸ë ‡ë‹¤ë©´ ëª©ìš”ì¼ ë°°ì†¡ìœ¼ë¡œ ëŠ¦ì¶°ì£¼ì‹œë©´ ê°ì‚¬í•˜ê² ìŠµë‹ˆë‹¤ ~ 
463,65,1016,"ì œê°€ 17ì¼ì— ì£¼ë¬¸í–‡ëŠ”ë°, ì–¸ì œì¯¤ ë°›ì„ ìˆ˜ ìžˆë‚˜ìš”? ì§€ê¸ˆ ì£¼ë¬¸ì´ ë§Žì•„ ì¼ì£¼ì¼ì •ë„ ìƒê°í•˜ê³  ìžˆê¸´ í•´ìš”."
464,65,1017,ì œê°€  ìŠ¤ì½˜ ë„˜ ì‚¬ëž‘í•˜ëŠ”ë° ì´ê±´ ì •ë§ ëŒ€ë°•ê°•ì¶”í•©ë‹ˆë‹¤ ì• ì •í•˜ê²Œ ë ê±°ê°™ì•„ìš” ê²‰ë°”ì†ì´‰ ê·¸ìžì²´
465,65,1018,ì˜ì–‘ì •ë³´ì™€ ì¹¼ë¡œë¦¬ ê¶ê¸ˆí•´ìš”~!
466,66,1019,23~24ê°œì”© ì´ 3ëª…í•œí…Œ ë³´ë‚´ê³ ì‹¶ì€ë° ë¬¶ìŒë°°ì†¡ ë˜ë‚˜ìš”?ê·¸ë¦¬ê³  ê°„ë‹¨í•œ ì¶•í•˜ë¬¸êµ¬ ë„£ì„ ìˆ˜ ìžˆì„ê¹Œìš”?
467,66,1020,í—ˆë‹ˆê°ˆë¦­ ë„ˆë¬´ ë§›ìžˆì—ˆëŠ”ë° ì—†ì–´ì ¸ì„œ ìŠ¬í¼ìš”. ìž¬ìž…ê³  ê¸°ë‹¤ë ¤ìš”. ê¼­ ì¶”ê°€ ë¶€íƒë“œë¦½ë‹ˆë‹¤.
468,66,1021,ì‚¬ìž¥ë‹˜ í’ˆì ˆì€ ì–¸ì œ í’€ë¦´ê¹Œìš”??ã… ã… 
469,66,1022,7ì¼ ì¶œê³ ë¼ë©´ ë‹´ì£¼ ì›”ìš”ì¼ì—Ì†ÌŽ ë°›ëŠ” ê±´ê°€ì—¬?í˜¹ì‹œ ì´ë²ˆì£¼ í† ìš”ì¼ì—Ì†ÌŽ ë°›ì„ ìˆ˜ëŠ” ì—†ì„ê¹Œì—¬?ã…œ
470,66,1023,3ì¼ì¶œê³ ë¼ê³  ì¨ìžˆëŠ”ë° ì¶œê³ ëœê±¸ê¹Œìš”? ìš´ì†¡ìž¥ë²ˆí˜¸ë‚˜ ë°°ì†¡í˜„í™©ì´ ê¶ê¸ˆí•´ìš”
471,66,1024,ë§›ì€ ì¢‹ì€ë° ê¼¬ë„ê°€ ì›ëž˜ ì´ë ‡ê²Œ ë”±ë”±í•œê°€ìš”...?? ë¨¹ë‹¤ ì´ë‚˜ê°€ëŠ”ì¤„ ì•Œì•˜ì–´ìš”...
472,66,1025,ë§ˆì¹´ë¡± ì¢…ë¥˜ ë°”ê¾¸ê³ ì‹¶ì–´ì„œ ì£¼ë¬¸ ì·¨ì†Œìš”ì²­ë“œë ¸ëŠ”ë° í™•ì¸ë¶€íƒë“œë ¤ìš”ã… ã… 
473,66,1026,2ê°œì”© ì†Œí¬ìž¥ë„ ê°€ëŠ¥í•œê°€ìš”?
474,66,1027,ë©”ì„¸ì§€ ë¬¸ì˜í–ˆëŠ”ë° ë‹µë³€ ì¢€ ì£¼ì„¸ìš”! ì·¨ì†Œì‹ ì²­ í›„ì— ìž¬ì£¼ë¬¸ë¬¸ì œë¡œ ë¬¸ì˜ë“œë ¸ì–´ìš” 2021-02-14 ì£¼ë¬¸ê±´ìš”
475,66,1028,ì£¼ë¬¸ ì¶”ê°€í•˜ë©´ ê°™ì´ ë¬¶ì–´ì„œ ë°°ì†¡í•´ì¤„ìˆ˜ ìžˆë‚˜ìš”?
476,67,1029,"ëŒ€ëžµì ì¸ ì¹¼ë¡œë¦¬í™•ì¸ë„ ì–´ë ¤ìš¸ê¹Œìš”?
êµ¬ìž…í•˜ê³ ì‹¶ì§€ë§Œ ë¨¹ì–´ë„ ë ì§€ ì†”ì§ížˆ ê±±ì •ë˜ì„œ ì£¼ë¬¸ëª»í•˜ê² ì–´ìš”"
477,67,1030,ë‚˜í´ë¦¬ ìž¬ì£¼ë¬¸í•˜ê³  ì‹¶ì€ë° ì–¸ì œ ê°€ëŠ¥í• ê¹Œìš”?
478,67,1031,ì§€ê¸ˆì‹œí‚¤ë©´ ë‚´ì¼ ë°œì†¡ë˜ë‚˜ìš”??
479,67,1032,ë°”ì§ˆì€ íŒë§¤ì•ˆí•˜ë‚˜ìš”?
480,67,1033,ì¿ ìº£ë§ˆíŠ¸ì—ì„œ   ê°™ì€ë§› 3ì¢… íŒ”ë˜ë° ê°™ì€ê³³ì¸ê°€ìš”?
481,67,1034,ë°°ì†¡ì–¸ì œ ë˜ë‚˜ìš”? ì£¼ë¬¸í•œì§€ ë©°ì¹ ì´ ì§€ë‚¬ëŠ”ë° ì—¬ê¸°ì„œ ì‹œí‚¨ê²ƒë§Œ ì•ˆì˜¤ë„¤ìš”?
482,67,1035,ì œì£¼ë„ ë°°ì†¡ì•ˆë˜ë‚˜ìš”
483,67,1036,ìƒˆìš°ëŠ” ìµížŒ ìƒˆìš°ì¸ê°€ìš”?
484,67,1037,í˜¹ì‹œ ìµœê·¼ì— ìš©ê¸°ê°€ ë°”ë€Œì—ˆë‚˜ìš”? ì§€ë‚œë‹¬ê³¼ ì´ë²ˆë‹¬ ëª¨ë‘ ê°™ì€ ìš©ëŸ‰ì„ ì£¼ë¬¸í–ˆëŠ”ë° ìš©ê¸° ëª¨ì–‘ì´ ë‹¬ë¼ìš”. ë‘˜ ì¤‘ì— í•˜ë‚˜ê°€ ì˜¤ë°°ì†¡ëë‚˜ ì‹¶ì–´ì„œìš”.
485,67,1038,ë°”ì§ˆ ì•„ë³´ì¹´ë„ í™œìš© ìš”ë¦¬ëŠ” ì–´ë–¤ê²Œ ìžˆì„ê¹Œìš”?! ê°„ë‹¨í•œ ìš”ë¦¬ë²• ë“±ì€...ì—†ê² ì£ ?! í™œìš©ë²•ì´ ì•ˆë‚´ë˜ì–´ìžˆìœ¼ë©´ ë”ìš± ë‹¤ì–‘í•˜ê²Œ í™œìš©í•  ìˆ˜ ìžˆì„ ê²ƒ ê°™ì•„ìš”!
486,68,1039,"ì¹˜ì¦ˆì¹™í•€ì´ ìµœê³ ì˜€ëŠ”ë°ã… ì¹˜ì¦ˆë§›ë„ ë‚˜ì˜¤ë‚˜ìš©,,?"
487,68,1040,ì–´ë¨¸ì´ê±´ì‚¬ì•¼í•´í•˜ê³ ë³´ë‹ˆ í›„ê¸°ê°€ ê·¹ê³¼ê·¹ì´ë„¤ìš” ;; ì œì¡°ê³¼ì •ì—ì„œ ì°¨ì´ê°€ ìžˆì—ˆë˜ê±´ê°€ìš” ì‚¬ëžŒë§ˆë‹¤ ëŠë¼ëŠ” ì°¨ì´ì¸ê°€ìš”? ê°œì¸ì°¨ë©´ êµ¬ë§¤í•´ë³´ê² ì§€ë§Œ ê³„ì† ê°™ì€í’ˆì§ˆì´ ë‚˜ì˜¤ì§€ì•ŠëŠ”ë‹¤ë©´ ì£¼ì €ë˜ë„¤ìš”ã…œ ì¹™í”¼ìŠ¤í‹± ì‹«ì–´í•˜ì‹œëŠ”ë¶„ë“¤ë„ ì•„ë‹ˆê³  ì¢‹ì•„í•˜ëŠ”ë¶„ë“¤ì´ ë¹„ë¦¬ë‹¤ í‘¸ì„í•˜ë‹¤í•˜ì‹œë‹ˆ ê±±ì •ë˜ìš”;; 
488,68,1041,ê°œë‹¹ ì¹¼ë¡œë¦¬ ì•Œ ìˆ˜ ìž‡ë‚˜ìš”?
489,68,1042,ì§„ì§œ í›„ê¸°ê°€ ê·¹ê³¼ê·¹.. ë¹µë¶€ë¶„ ê³ ë¬´ë§› ë‚œë‹¤ê·¸ëž˜ì„œ ë³´ë¥˜ì¤‘ìž…ë‹ˆë‹¹ã…œ
490,68,1043,ìž‘ê°€ë‹˜ ë©”ì„¸ì§€ í™•ì¸ ë¶€íƒë“œë ¤ìš”
491,68,1044,"ì•ˆë…•í•˜ì„¸ìš” ë‹¤ì•¤í•˜ìž…ë‹ˆë‹¤

ê¸°ì¡´ ë ˆì‹œí”¼ëŠ” í˜¸ë¶ˆí˜¸ê°€ ìƒë‹¹ížˆ ê°ˆë¦¬ëŠ”
ì«€ë“ or ì§ˆê¸´ ì‹ê°ì´ì˜€ì–´ì„œ
1/14ì¼ì˜ ì œì¡°(ë°œì†¡)ê±´ ë¶€í„°ëŠ”
ì¡°ê¸ˆë” ë¶€ë“œëŸ¬ìš´ ì‹ê°ì˜ ì¹™í”¼ì‡¼ì½œë¼ë¡œ ë ˆì‹œí”¼ê°€ ë³€ê²½ë˜ì—ˆìŠµë‹ˆë‹¤ðŸ˜­ðŸ™ðŸ»"
492,68,1045,ëœë‹¬ê²Œí•´ì£¼ì„¸ìš©
493,68,1046,ë‹¤ë¥¸ ì¹™í”¼ì‡¼ì½œë¼ëŠ” ì‹ì´ì„¬ìœ  í•¨ëŸ‰ë„ ì í˜€ìžˆë˜ë° ë…¹ì°¨ë§›ë„ ê¶ê¸ˆí•´ìš”! í˜¹ì‹œ ì‹ì´ì„¬ìœ ê°€ ìžˆë‹¤ë©´ ì–´ëŠì •ë„ì¸ì§€ ì•Œ ìˆ˜ ìžˆì„ê¹Œìš”?
494,68,1047,ë…¹ì°¨ì¹™í”¼íŒŒìš´ë“œëŠ” ì—´ëŸ‰ì´ ì–´ë–»ê²Œ ë˜ë‚˜ìš”??
495,68,1048,ì €ë„ ì¢€ ëœ ë‹¬ì•˜ìœ¼ë©´ ì¢‹ê² ì–´ìš”...ì²«ìž…ì€ ë„ˆë¬´ ë§›ìžˆëŠ”ë° ë„˜ ë‹¬ì•„ì„œ ì¤‘ê°„ì— ì¢€ ì‰¬ì—ˆë‹¤ê°€ ë¨¹ì—ˆì–´ìš” ã…Žã…Žê·¸ëž˜ë„ ë§›ìžˆìŠµë‹ˆë‹¤!
496,69,1049,íŒ¥ì— ê²¬ê³¼ë¥˜ê°€ ë“¤ì–´ê°€ë‚˜ìš”? ì•ŒëŸ¬ì§€ê°€ ìžˆì–´ì„œìš” ã… 
497,69,1050,4ì¼ë°œì†¡ì´ë©´ 5ì¼ì´ë©´ ë„ì°©í• í…ë° ë³´ê´€ë°©ë²•ì€ ì–´ë–»ê²Œë ê¹Œìš”?ã…œã…œì„¤ë‚  ì„ ë¬¼ë¡œ ë“œë¦´êº¼ë¼ì„œìš”
498,69,1051,ì¼ìš”ì¼ì— ì£¼ë¬¸í–ˆëŠ”ë° ì–¸ì œ ë°œì†¡ë˜ë‚˜ìš”??
499,69,1052,"4ì¼ ì¶œê³  ë§ˆê°ì´ë©´ 9, 10ì¼ì— ë°›ì•„ ë³¼ ìˆ˜ ìžˆê²Œ ê°€ëŠ¥í•œê°€ìš”??"
500,69,1053,"ì œê°€ ì„¤ì „ë°°ì†¡ìœ¼ë¡œ ì£¼ë¬¸í–ˆë‚˜ìš”? ë‚´ì¼ ë°›ì„ìˆ˜ìžˆëŠ”ì§€ ì•Ÿê³³
ì•Œê³ ì‹¶ì–´ìš”"
501,69,1054,ëª©ìš”ì¼ë‚  ì£¼ë¬¸í–ˆëŠ”ë° ë°œì†¡ì€ ëœê±´ê°€ìš”?
502,69,1055,"ì œê°€2ì›”17ì¼ì— ì¶œê³ í•´ë‹¬ë¼ê³ í–ˆëŠ”ë° ë‚ ì§œ ë³€ê²½í• ê»˜ìš”.
2ì›”24ì¼ ì¶œê³ ë¡œ ë³€ê²½í•´ì£¼ì„¸ìš©"
503,69,1056,ë‹¤ìŒì£¼ ëª©ìš”ì¼ì— ë°›ê³  ì‹¶ì€ë° í™”ìš”ì¼ ì¶œê³ ê°€ ì¢‹ì„ê¹Œìš” ìˆ˜ìš”ì¼ì— ì¶œê³ ìš”ì²­ë“œë ¤ë„ ë ê¹Œìš”?
504,69,1057,ì¡°ê¸ˆì „ì— ì£¼ë¬¸í–ˆëŠ”ë° ë‚´ì¼ì¶œê³ í•´ì„œ ëª©ìš”ì¼ì— ìˆ˜ë ¹ ê°€ëŠ¥í•˜ë‚˜ìš”??
505,69,1058,ì œì£¼ë„ë¡œ ì„ ë¬¼ ë³´ë‚¼ê»€ë° ê¸ˆìš”ì¼ ì˜¤ì „ì— ì‹œì¼œë„ ê´œì°®ì„ê¹Œìš”?
506,71,1059,ìž‘ê°€ë‹˜ ë©”ì„¸ì§€ í™•ì¸ ë¶€íƒí•©ë‹ˆë‹¤!
507,71,1060,ðŸ¤
508,71,1061,ìž‘ê°€ë‹˜ ë©”ì„¸ì§€ í™•ì¸ ë¶€íƒë“œë¦½ë‹ˆë‹¤~!
509,71,1062,ë©”ì„¸ì§€ í™•ì¸ë¶€íƒë“œë ¤ìš”^^
510,71,1063,ìž‘ê°€ë‹˜ ë§¤ì„¸ì§€ í™•ì¸ ë¶€íƒë“œë ¤ìš” !
511,71,1064,ì˜¤ëŠ˜ ì£¼ë¬¸ë“¤ì–´ê°€ì„œ í”½ì—…í•˜ë©´ ê¸ˆìš”ì¼ì— ë°›ì„ìˆ˜ìžˆëŠ”ê±´ê°€ìš”?
512,71,1065,ìž‘ê°€ë‹˜ ë©”ì„¸ì§€ í™•ì¸ ë¶€íƒë“œë¦½ë‹ˆë‹¤ !!
513,71,1066,ìž‘ê°€ë‹˜!! ë©”ì„¸ì§€ í™•ì¸ ë¶€íƒë“œë ¤ìš”!!â™¡
514,71,1067,ë©”ì„¸ì§€ í™•ì¸ë¶€íƒë“œë ¤ìš”!!
515,71,1068,ìž‘ê°€ë‹˜ ë°”ì˜ì‹œë„¤ìš”...ë‹µì´ ëŠ¦ìœ¼ì‹¬ã… ã… 
516,72,1069,3ê°œì£¼ë¬¸í–‡ëŠ”ë°ìš”ì‡¼í•‘ë°±êµ¬ë§¤í•˜ê³ ì‹¶ì–´ìš©
517,72,1070,ì§€ê¸ˆì‹œì¼œë„ 2ì›” 7ì¼ì— ì˜ˆì•½ë°°ì†¡ ë˜ë‚˜ìš”?
518,72,1071,3ê°œ ì£¼ë¬¸í–ˆì–´ìš”. ì‡¼í•‘ë°± êµ¬ë§¤ ì›í•´ìš”
519,72,1072,í˜¹ì‹œ ì§€ê¸ˆ ì£¼ë¬¸í•˜ê³  17ì¼ì •ë„ì— ì˜ˆì•½ë°°ì†¡ë„ ê°€ëŠ¥í•œê°€ìš”?
520,72,1073,í˜¹ì‹œ 9ì¼~10ì¼ ìˆ˜ë ¹ì„ í•˜ê³ ì‹¶ìœ¼ë©´ ì–¸ì œ ì£¼ë¬¸í•´ì•¼í•˜ë‚˜ìš” ??
521,72,1074,ì§€ê¸ˆ ì£¼ë¬¸í•˜ë©´ ë°œì†¡ì€ ì–¸ì œ ì¸ê°€ìš”?!
522,72,1075,"2ì›”7ì¼ 23ì‹œë„¤ìš”
ì§€ê¸ˆì£¼ë¬¸í•˜ë©´ ì„¤ì „ì— ë°›ì„ìˆ˜ìžˆëŠ”ì§€ìš”
ë˜ë©´ì‡¼í•‘ë°±ë„ ì£¼ë¬¸ížˆê³ ì‹¶ì–´ìš”"
523,72,1076,ë°°ì†¡ë°›ê³  ëƒ‰ìž¥ë³´ê´€í•˜ë©´ ìœ í†µê¸°í•œì´ ì–¼ë§ˆë‚˜ë ê¹Œìš”?
524,72,1077,ì•ˆë…•í•˜ì„¸ìš” ìž‘ê°€ë‹˜! 18ì¼ ì£¼ë¬¸ì‹œ 26ì¼ê¹Œì§€ ìˆ˜ë ¹ì´ ê°€ëŠ¥í• ê¹Œìš”?
525,72,1078,10ê°œ êµ¬ë§¤í–ˆëŠ”ë° ì‡¼í•‘ë°± ì˜¤í”ˆ ë¶€íƒë“œë ¤ìš”!
526,73,1079,ì •í™•ížˆ ëª‡ê°œê°€ ì˜¤ëŠ”ê±´ê°€ìš”?? í•œë´‰ì§€ë‹¹ ì´ìš”
527,73,1080,ì œì£¼ ë°°ì†¡ ì•„ì§ë„ ì•ˆë˜ë‚˜ìš”?
528,73,1081,ìˆ˜ìž…ë°€ì¸ê°€ìš”
529,73,1082,ì–´ì œì£¼ë¬¸í–ˆëŠ”ë° ì–¸ì œë°°ì†¡í•´ì£¼ì„¸ìš”? ì£¼ë§ë¼ë©´ ì›”ìšœì—ë°°ì†¡ë˜ë‚˜ìš”?
530,73,1083,19ì¼ ë°¤ì— ì£¼ë¬¸í–ˆëŠ”ë° ë§Œì˜¤ì²œì›ì–´ì¹˜ë¥¼ ì£¼ë¬¸ ì·¨ì†Œí–ˆì–´ìš”. ë°›ìœ¼ì‹¤ ë¶„ì´ ì§‘ì— ì•ˆê³„ì‹¤ ê±°ê°™ì•„ì„œ ë©°ì¹ ë’¤ì— ë‹¤ì‹œ ì£¼ë¬¸í•˜ê² ìŠµë‹ˆë‹¤. ì·¨ì†Œ ê°€ëŠ¥í•˜ì£ ??
531,73,1084,ì•ˆë…•í•˜ì„¸ìš”! í˜¹ì‹œ ê²¬ê³¼ë¥˜ê°€ ë“¤ì–´ê°€ë‚˜ìš” ?
532,73,1085,8ì¼ì—ì¶œë°œí•´ì„œ 11ì¼ë°°ì†¡ì˜ˆì •ì´ë˜ë° ì–´ë–»ê²Œ ë¨¹ë‚˜ìš”?ì‹œê°„ì´ ë„ˆë¬´ì§€ë‚˜ë©´ã…  ë°°ì†¡ì¼ì„ ì¢€ ë§ˆì¶°ì£¼ì…”ì•¼ë˜ëŠ”ë°
533,73,1086,ì§€ë‚œ ê¸ˆìš”ì¼ ì˜¤ì „ì— ì£¼ë¬¸í–ˆëŠ”ë° ì–¸ì œ ë°œì†¡ë ê¹Œìš”?
534,73,1087,ì¹¼ë¡œë¦¬ëž‘ ì˜ì–‘ì„±ë¶„ê¶ê¸ˆí•´ìš”
535,73,1088,ìž‘ê°€ë‹˜ ë©”ì„¸ì§€ ë‚¨ê²¼ëŠ”ë° ã… ã…  ì œê°€ ê¸‰í•´ì„œ...!ã… ã… 
536,74,1089,ì„ ë¬¼ ì‡¼í•‘ë°±ì—” ëª‡ê°œê¹Œì§€ ë“¤ì–´ê°€ë‚˜ìš”?? 2ê°œêµ¬ë§¤í•˜ê³ ì‹¶ì€ë° ì‡¼í•‘ë°± 2ê°œêµ¬ë§¤í•˜ë©´ë˜ë‚˜ìš¥*(
537,74,1090,ë©”ì‹œì§€ í™•ì¸ ë¶€íƒë“œë ¤ìš”!
538,74,1091,"2ì›”5ì¼ì— ê²°ì œí•˜ë©´ ì„¤ì „ì—ë°›ì„ìˆ˜ìž‡ëŠ”ê±°ì£ ?
"
539,74,1092,2ì›”6ì¼ì— ë°›ê³ ì‹¶ì€ë° ë©”ì„¸ì§€ í™•ì¸ ë¶€íƒë“œë¦½ë‹ˆë‹¤ã… 
540,74,1093,ì˜¤ëŠ˜ ì£¼ë¬¸í–ˆì–´ìš”. ë©”ì„¸ì§€ ë‚¨ê¸¸ìˆ˜ ìžˆì„ê¹Œìš”?
541,74,1094,ì•ˆë…•í•˜ì„¸ìš” ê·€ì‚¬ì˜ ìƒí’ˆì„ ë§¤ìž…í•˜ê³  ì‹¶ìŠµë‹ˆë‹¤. ì—…ë¬´í˜‘ì˜ ê°€ëŠ¥í•œ ë²ˆí˜¸ë‚˜ ë©”ì¼ì¢€ ì•Œìˆ˜ ìžˆì„ê¹Œìš”?
542,74,1095,"ë¯¸ë¦¬ ë°›ì•„ì„œ í˜¹ì‹œ ëª°ë¼ ëƒ‰ë™ë³´ê´€ì¤‘ì¸ë° 14ì¼ê¹Œì§€ ì•„ì§ ë‚ ì§œê°€ ë§Žì´ ë‚¨ì•„ì„œìš”.
ë³´ê´€ë°©ë²•ì´ ëƒ‰ìž¥ë³´ê´€ì´ë˜ë° ëƒ‰ë™ë³´ê´€í•´ë„ ìƒê´€ì—†ì„ê¹Œìš”?"
543,74,1096,í•œê³³ì€ ì„¤ì „ì— í•œê³³ì€ ì´ë²ˆì£¼ê¹Œì§€ ë³´ë‚´ë‹¬ë¼ë¶€íƒë“œë ¸ëŠ”ë° ë‘ê³³ ë‹¤ ì˜¤ëŠ˜ë°°ì†¡ë˜ë„¤ìš”ã… ã… ã… ã… ã… 
544,74,1097,ì•ˆë…•í•˜ì„¸ìš”~ì˜¤ëŠ˜ ë°°ì†¡ ë°›ì•˜ìŠµë‹ˆë‹¤! ì•„ì§ 14ì¼ê¹Œì§€ ì¼ì£¼ì¼ ì •ë„ ë‚¨ì•„ì„œ ê·¸ë•Œê¹Œì§€ ëƒ‰ìž¥ë³´ê´€ í•´ë†”ë„ ì œí’ˆì— ë¬¸ì œìžˆê±°ë‚˜ ìœ í†µê¸°í•œ ê´œì°®ì„ê¹Œìš”!ã…œ
545,74,1098,ê°ì‚¬ìŠ¤í‹°ì»¤ëŠ” ì–´ë–¤ê±´ì§€ ë³¼ìˆ˜ìžˆë‚˜ìš”?
546,75,1099,"ì„ ë¬¼í•¨ì„í†µí•´ ì£¼ë¬¸í–ˆëŠ”ë°
ì¶œê³ ê°€ ì–¸ì œë ê¹Œìš”?"
547,75,1100,"ì´ì œê¹Œì§€ ë¨¹ì–´ë³¸ê²ƒì¤‘ ìµœê³ ìž…ë‹ˆë‹¤.
ë„ˆë¬´ ë§›ìžˆì–´ì„œ ì´ë²ˆì— ì„ ë¬¼ë„ í• ê²¸ ìž¬ì£¼ë¬¸ í•˜ì˜€ìŠµë‹ˆë‹¤^^"
548,75,1101,18ê°œ ì‹œì¼œì„œ 6ê°œ í¬ìž¥ìš©ê¸°ë¡œ 3ê°œ ë‚˜ëˆ  ë°›ì„ ìˆ˜ ìžˆì„ê¹Œìš”?
549,75,1102,ì§€ê¸ˆ ì£¼ë¬¸í•˜ë©´ 2ì›”1ì¼ ì¶œê³ ë˜ë‚˜ìš”?
550,75,1103,"ì‚¬ëž‘í•˜ëˆˆ ë‹¤í™ ìž‘ê°€ë‹˜â™¡ 2ì›” 10ì¼ì „ì— ë°›ê³ ì‹¶ì€ë°..
ì–¸ì œì¯¤ ì£¼ë¬¸í•´ì•¼ í•˜ë‚˜ìš”ã… ã… ã… ã…  í—·ê°ˆë ¤ì„œìš”.."
551,75,1104,ì·¨ì†Œë¶€íƒë“œë ¤ìš”
552,75,1105,2ì›”14ì¼ì— ì„ ë¬¼í•˜ë ¤ê³  í•˜ëŠ”ë° ì§€ê¸ˆ ì£¼ë¬¸í•´ë„ ë ê¹Œìš”..? ëƒ‰ë™ ë³´ê´€ í•œ í›„ì— ì„ ë¬¼í•´ë„ ë˜ëŠ”ê±´ê°€ìš”?
553,75,1106,ì§€ê¸ˆì£¼ë¬¸í•˜ë©´ ëª‡ì¼ë’¤ì— ë°›ì•„ë³¼ìˆ˜ìžˆì„ê¹Œìš”??
554,75,1107,ì„ ë¬¼í•  ê±´ë° ë©”ì‹œì§€ ìž‘ì„±ì´ ê°€ëŠ¥í•œê°€ìš”? ê·¸ë¦¬ê³  ë³´í†µ ì£¼ë¬¸í•˜ë©´ í‰ì¼ ë‚®ì— ë„ì°©í•˜ë‚˜ìš”? íšŒì‚¬ì‚¬ëžŒí•œí…Œ ì„ ë¬¼í• ê±°ë¼ì„œìš”.
555,75,1108,í˜¸ì˜¤ì˜¥ì‹œ ìž‘ê°€ë‹˜~ íŽ˜ìŠ¤ì¸„ë¦¬ íŒŒì´ì§€ë¡œ ë”°ë¡œ ë§Œë“¤ì–´íŒŒì‹¤ ìƒê°ì€ ì—†ìœ¼ì‹ ê°€ìš”?ðŸ¥º ì§€ê¸ˆë„ ë§›ìžˆì§€ë§Œ íŽ˜ìŠ¤ì¸„ë¦¬ë¥¼ ë” ì¢‹ì•„í•˜ëŠ” ì‹ê°ì´ë¼ ë”°ë¡œ ì†ŒëŸ‰ì´ë¼ë„ íŒŒì‹œë©´...(ì§ˆì²™ì§ˆì²™)
556,76,1109,í˜¹ì‹œ ì¹¼ë¡œë¦¬ê°€ ì–¼ë§ˆë‚˜ ë˜ë‚˜ìš”?
557,76,1110,ìž‘ê°€ë‹˜ í˜¹ì‹œ ì„¤íƒ• ë¹¼ê³  ì œìž‘ê°€ëŠ¥í•˜ì‹ ê°€ìš©?
558,77,1111,ì¹™í”¼ìŠ¤í‹± ë‹¤ì‹œ ë‚´ì£¼ì„¸ìš”.!!!!!!
559,77,1112,ë©”ì‹œì§€ í™•ì¸ ë¶€íƒë“œë¦´ê²Œìš”~!
560,77,1113,1.8ì¼ ì£¼ë¬¸í–ˆëŠ”ë° ë°°ì†¡ëœê±´ê°€ìš”~
561,77,1114,ì‚¬ìž¥ë‹˜~ ë…¹ì°¨ëŠ” ì´ë²ˆì£¼ì— ë‚˜ì˜¤ë‚˜ìš©?!
562,77,1115,ëƒ‰ë™ë³´ê´€í•œ ì œí’ˆì€ ì–´ë–¡ê²Œ ë¨¹ì–´ìš”??
563,77,1116,í˜¹ì‹œ ë°°ì†¡ì¼ì„ ëŠ¦ê²Œ ë¶€íƒë“œë¦´ìˆ˜ë„ ìžˆë‚˜ìš”?
564,77,1117,ì¼ì£¼ì¼ ì „ì— ì£¼ë¬¸í–ˆëŠ”ë° ìž…ê¸ˆí™•ì¸ë„ ì•ˆë˜ì–´ìžˆê³  ì „í™”ë„ ì•ˆë°›ê³  ë¬¸ìžë„ ì•ˆë°›ìœ¼ì‹œëŠ”ë° ì–´ë–»ê²Œ ëœê±´ê°€ìš”? ì—°ë½ ì¢€ ì£¼ì„¸ìš” ì œë°œ;;;;;;ì§œì¦ë‚˜ìš”
565,77,1118,"2ì›” 1ì¼ ê²Œë¦´ë¼ìƒí’ˆ ì£¼ë¬¸ê±´ ì•„ì§ ë¯¸ë°°ì†¡ì´ë˜ë° 
ì–¸ì œì¯¤ ë°›ì•„ë³¼ ìˆ˜ ìžˆëŠ” ê±´ê°€ìš”??"
566,77,1119,ì‡¼ì½œë¼ì£¼ë¬¸í–ˆëŠ”ë° ì´ˆì½œë ›ìœ¼ë¡œ ìž˜ëª»ë°°ì†¡ì´ëœê²ƒê°™ì•„ìš”. ì œê°€ë°›ì€ê²Œì•„ë‹ˆë¼ ì„ ë¬¼í•œê±´ë° ... ë¬¸ì˜ë“œë ¤ë„ ë‹µë³€ì—†ìœ¼ì‹œê³  ì „í™”ê¸°ë„ êº¼ì ¸ìžˆë‹¤ê³ í•˜ëŠ”ë° ì–´ë–»ê²Œí•´ì•¼í•˜ëŠ”ê±´ê°€ìš”?;;;
567,77,1120,ìœ„ì—ë¶„ ì‡¼ì½œë¼ê°€ ì´ˆì½œë › ì•„ë‹Œê°€ìš”...?...
568,78,1121,22ì¼ì¶œê³ ê°€ëŠ¥í•œì§€ìš”?
569,78,1122,í˜¹ì‹œ ì§€ê¸ˆ ì‹œí‚¤ë©´ 25ì¼ ì „ì—ëŠ” ëª»ë°›ëŠ”ê±°ì£ ? ã…œã…œ
570,78,1123,ì–¸ì œë°›ì„ìˆ˜ìžˆë‚˜ìš”?
571,78,1124,ëª¨ë“  ë¬¸ì˜ëŠ” ë©”ì„¸ì§€ë¡œ ë¶€íƒë“œë¦½ë‹ˆë‹¤ðŸ™
572,78,1125,ì§€ê¸ˆ ì‹œí‚¤ë©´ ë‚´ì¼ ë°›ì„ ìˆ˜ ìžˆë‚˜ìš”?
573,78,1126,ì €ë²ˆë‹¬ì— ë‚¨ìžì¹œêµ¬ê°€ ì—¬ê¸°ì„œ 18ê°œ ì‚¬ì¤¬ëŠ”ë° ë„ˆë¬´ ë§›ìžˆê²Œ ë¨¹ì–´ì„œ ì˜¤ëŠ˜ 30ê°œ ë˜ ì£¼ë¬¸í•´ì¤¬ì–´ìš” ë²Œì¨ë¶€í„° ê¸°ëŒ€ì¤‘ìž…ë‹ˆë‹¤â¤ï¸â¤ï¸â¤ï¸
574,78,1127,ëª¨ë“ ë¬¸ì˜ëŠ” ë©”ì„¸ì§€ë¡œ ë¶€íƒë“œë¦½ë‹ˆë‹¤ðŸ™ðŸ™
575,78,1128,ì˜¤ëŠ˜ ë‘ë²ˆì§¸ì‹œí‚¨ê±° ë°›ì•˜ëŠ”ë° ë„ˆë¬´ ë§Œì¡±ìŠ¤ëŸ¬ì›Œìš” ë„ˆë¬´ ë§›ìžˆì–´ìš” ë‹¤ìŒë‹¬ì—” ì œê°€ ì£¼ë¬¸í•´ì„œ í›„ê¸° ê¼­ ì“¸ê²Œìš” â¤ï¸â¤ï¸â¤ï¸
576,78,1129,âš ï¸âš ï¸ëª¨ë“ ë¬¸ì˜ëŠ” ë©”ì„¸ì§€ë¡œâš ï¸âš ï¸ ë¶€íƒë“œë¦½ë‹ˆë‹¤ðŸ™ðŸ™ëŒ“ê¸€ì€ í™•ì¸ì´ ëŠ¦ê±°ë‚˜ ëˆ„ë½ë ìˆ˜ ìžˆìŠµë‹ˆë‹¤ðŸ™ðŸ™ðŸ™
577,78,1130,í˜¹ì‹œ ì˜¤ëŠ˜ ì£¼ë¬¸í•˜ë©´ 19ì¼ê¹Œì§€ ë°›ì„ ìˆ˜ ìžˆì„ê¹Œìš”
578,79,1131,ì—°ì–´ì—°ì–´! ìš©ëˆë°›ìœ¼ë©´ ê¼­ ì‚¬ëŸ¬ì˜¬ê²Œìš”!
579,80,1132,í¬ê¸°ì˜µì…˜ëž€ì´ ì‚¬ë¼ì¡ŒëŠ”ë° ì´ì œ í¬ê¸°ë¡œ êµ¬ë§¤ ì•ˆë˜ëŠ”ê±´ê°€ìš”?
580,80,1133,ì‚¬ìž¥ë‹˜ ëž˜ë””ì‹œëŠ” ì—†ë˜ë° êµ¬ì„±ì—ì—†ë‚˜ìš” ??
581,80,1134,í˜¹ì‹œë°”ì§ˆë„ í¬í•¨ë˜ë‚˜ìš”??
582,80,1135,ë¬´ë†ì•½ ì¸ê°€ìš”?
583,80,1136,í˜¹ì‹œ ì•„ì§ ë°°ì†¡ì „ì¼ê¹Œìš”..?
584,80,1137,ì•ˆë…•í•˜ì„¸ìš” í˜¹ì‹œ ì§€ê¸ˆì‹œí‚¤ë©´ ë‚´ì¼ë°°ì†¡ì¶œë°œ ê°€ëŠ¥í•œê°€ìš”?
585,80,1138,ì„¤ ì—°íœ´ ì „ ë§ˆì§€ë§‰ ë°°ì†¡ ì¼ì •ì´ ì–´ì°Œë˜ë‚˜ìš”??
586,80,1139,í˜¹ì‹œ ì“´ë§›ë‚˜ëŠ” ì±„ì†Œ ì œì™¸í•˜ê³  ë°›ì„ ìˆ˜ ìžˆì„ê¹Œìš”? ì €ë²ˆì— ë°°ì†¡ë°›ì•„ì„œ ë„ˆë¬´ ìž˜ ë¨¹ì—ˆëŠ”ë° ì•„ì´ê°€ ì”ì“¸í•œ ì±„ì†ŒëŠ” ì•ˆ ë¨¹ë‹¤ë³´ë‹ˆ ê·¸ê²ƒë§Œ ë‚¨ì•„ì„œìš”..
587,80,1140,17ì¼ì— ì£¼ë¬¸í–ˆëŠ”ë° ê¸°ê°„ì´ì¢€ ê±¸ë¦¬ë‚˜ìš”?
588,80,1141,ê°ì‚¬í•©ë‹ˆë‹¹
589,81,1142,1ì›”15ì¼ ê¸ˆìš”ì¼ì— ë°›ê³ ì‹¶ì€ë° ì–¸ì œì£¼ë¬¸í•˜ë©´ë˜ë‚˜ìš”?
590,81,1143,ì•ˆë…•í•˜ì„¸ìš” :) 16ì¼ë‚  ë°›ì•„ë³´ê³ ì‹¶ì€ë° ì–´ë–»ê²Œí•´ì•¼í•˜ë‚˜ìš”
591,81,1144,ì•ˆë…•í•˜ì„¸ìš”! ìœ¡ì‚¬ì‹œë¯¸240gë¡œ ì£¼ë¬¸ì‹œ 1ì¸ë¶„ì”© ë³„ë„ í¬ìž¥ë„ ê°€ëŠ¥í•œê°€ìš”?
592,81,1145,ìž¬êµ¬ë§¤í• ê±´ë° í† ìš”ì¼ë°°ì†¡ì€ ì•ˆë˜ëŠ”ê±´ê°€ìš”
593,81,1146,ì§€ê¸ˆ ì£¼ë¬¸í•˜ë©´ ë‚´ì¼ ë°›ì•„ë³¼ìˆ˜ìžˆì„ê¹Œìš”? 
594,81,1147,íƒë°°ì‚¬ì–´ë””ì¸ì§€ì•Œìˆ˜ìž‡ì„ê¹Œìš”?
595,81,1148,1ì›”6ì¼ í† ìš”ì¼ì— ë°›ì„ìˆ˜ìžˆë‚˜ìš”?
596,81,1149,ë©”ì‹œì§€ì¢€ í™•ì•ˆí•´ì£¼ì„¸ìš”!!
597,81,1150,ë©”ì„¸ì§€ í™•ì¸ ë¶€íƒë“œë¦½ë‹ˆë‹¤~!
598,81,1151,2ì›” 20ì¼ í† ìš”ì¼ë‚  ë°›ì„ ìˆ˜ ìžˆì„ê¹Œìš”??
599,82,1152,ì–¸ì œ ìž¬íŒë§¤ í•˜ì‹œëŠ”ì§€.. ì—„ë§ˆê°€ ì• íƒ€ê²Œ ê¸°ë‹¤ë¦¬ì‹­ë‹ˆë‹¤ðŸ˜†
600,82,1153,ì˜¬í•´  10ì›”11ì›”ë¶€í„° íŒë§¤ë‹¤ì‹œ í•˜ëŠ”ê±´ê°€ìš” ë‹¤ë¥¸ë°ì„œ ì•ˆì‚¬ê³  ê³„ì† ê¸°ë‹¤ë¦¬ê³  ìžˆì–´ìš”ã… 
601,82,1154,ì–¸ì œ íŒë§¤í•˜ì‹œë‚˜ìš”ì˜¤ã… ã… ã…”
602,82,1155,ê¸°ë‹¤ë¦¬ë‹¤ ë‹¤ë¥¸ë°ì„œ ì‚´ê¹Œí•˜ë‹¤ê°€ë„ ë§í• ê¹Œë´ ë‘ë ¤ìš´ë°ã…  ìš”ê¸°ë§Œê¸°ë‹¤ë¦¬ê³ ìžˆì–´ì—¬ ì´ì œ10ì›”ì´ìžë‚˜ì—¬ã… ã… ì–¸ì œ ì™€ì—¬ã… ã… 
603,82,1156,ê¸°ë‹¤ë ¸ë‹µë‹ˆë‹¤...â™¡ ì˜¤ëŠ˜ ì£¼ë¬¸í–ˆì–´ìš”! ê³ êµ¬ë§ˆ ì—¬ê¸°ê°€ ì§±ì´ì—ìš”!^^
604,82,1157,ì™€ ë“œë””ì–´ ë‚˜ì™“êµ¬ë‚˜
605,82,1158,í˜¹ì‹œ 11ì›” ë§ì¯¤ì— ì‚¬ë„ ìž¬ê³ ê°€ ë‚¨ì•„ìžˆì„ê¹Œìš”?ã…œã…œ 12ì›” ë§ì— ì¨ì•¼í•˜ëŠ” ê±°ë¼ ë³´ê´€ë§Œ ìž˜í•˜ë©´ ì“¸ ìˆ˜ ìžˆì„ì§€... ì–´ë–»ê²Œ í•´ì•¼í• ì§€ ëª¨ë¥´ê² ë„¤ìš”ã… ã… 
606,82,1159,ì•ˆë…•í•˜ì„¸ìš” ìž‘ê°€ë‹˜^^ ì£¼ë¬¸í•˜ê³  ì–´ì œ ë°›ì•˜ëŠ”ë° í›„ìˆ™ì€ ë³´í†µ ì–¼ë§ˆì •ë„ í•´ì„œ ë¨¹ì–´ì•¼ ë˜ë‚˜ìš”?
607,82,1160,ë¡œì–„5í‚¤ë¡œëŠ” íŒë§¤ ì•ˆí•˜ì‹œë‚˜ìš” ã… 
608,82,1161,15900ì›ì§œë¦¬ ìƒí’ˆì€ ì–´ë”§ë‚˜ìš”?
609,83,1162,ì œê°€ ì†ŒìŠ¤ë¥¼ ë¹ ëœ¨ë ¸ë„¤ìš” ì§„ì‹¬ ë¯¸ì•ˆí•©ë‹ˆë‹¤
610,83,1163,ëƒ‰ë™ë³´ê´€ë„ ê´œì°®ê² ì£ ?
611,83,1164,ì£¼ë¬¸í• ê¹Œ ê³ ë¯¼ì¸ë°ìš”. 31ì¼ì— ë¬¼ê±´ ë”± ë°›ìœ¼ë ¤ë©´ ì–¸ì œì£¼ë¬¸í•´ì•¼í•˜ë‚˜ìš”? 
612,83,1165,"31ì¼ì— ë¨¹ìœ¼ë ¤ê³  í•˜ëŠ”ë°ìš”
30ì¼ì— ì£¼ë¬¸í•˜ë©´ë ê¹Œìš”?"
613,83,1166,ì˜¤ëŠ˜ ì£¼ë¬¸í•˜ë©´ í† ìš”ì¼ì— ë°›ì•„ ë³¼ ìˆ˜ ìžˆë‚˜ìš”?
614,83,1167,ì˜ˆì•½ë˜ë‚˜ìš”?
615,83,1168,ë°©ê¸ˆ ì£¼ë¬¸í–ˆëŠ”ë° ë‚´ì¼ê¹Œì§€ë°›ì•„ë³¼ìˆ˜ìžˆì„ê¹Œìš”??ã… 
616,83,1169,ê¸°ë³¸ì— ìƒê°•ì´ í¬í•¨ë˜ì–´ ìžˆë‚˜ìš”?
617,83,1170,2ì¸ë¶„ì´ëª‡í‚¤ë¡œì¸ê°€ìš”? ê·¸ë¦¬ê³  ê¸°ë³¸ì†ŒìŠ¤2ê°œë¹¼ê³  3ê°œë¥¼ ë‹¤ ìƒê°•ìœ¼ë¡œë°›ì„ìˆ˜ìžˆë‚˜ìš”?
618,83,1171,ìˆ˜ë ¹ì¼ ì§€ì • ê°€ëŠ¥í• ê¹Œìš”?
619,84,1172,ìž‘ê°€ë‹˜ ì§€ì¸ì¤‘ ë´„ë™ ì¢‹ì•„í•˜ì‹œëŠ”ë¶„ê»˜ ì„ ë¬¼ë¡œ ë“œë¦¬ë ¤ê³  í•˜ëŠ”ë° ì‹ ì„ í•œ ì œí’ˆìœ¼ë¡œ ë°›ì•„ë³¼ìˆ˜ ìžˆì„ê¹Œìš”?
620,84,1173,íƒë°°ì‚¬ìš”?
621,84,1174,ì‹œì–´ë¨¸ë‹ˆì§‘ìœ¼ë¡œ ì£¼ë¬¸ í–ˆëŠ”ë° ì¢‹ì€ê±¸ë¡œ ìž˜ ë¶€íƒë“œë ¤ìš”!
622,86,1175,ì£¼ì†Œë¥¼ ë°”ê¾¸ì§€ ì•Šì•˜ì–´ìš” ã…  ë©”ì„¸ì§€ í™•ì¸ ë¶€íƒí•©ë‹ˆë‹¤
623,86,1176,"ì´ëª¨í•œí…Œ ë“œë¦´ì„ ë¬¼ì¸ë° ã…  
ìž˜ì¢€ ë¶€íƒ ë“œë¦½ë‹ˆë‹¤ ë©”ì„¸ì§€ì— ì£¼ì†Œì™€ì „í™”ë²ˆí˜¸ ë‚¨ê²¼ìŠµë‹ˆë‹¤"
624,86,1177,ì œì£¼ë„ ë°°ì†¡ ì•ˆë ê¹Œìš”?? ã…œã…œ
625,86,1178,ì˜¤ëŠ˜ ì„ ë¬¼ë¡œ ì£¼ë¬¸ í–ˆëŠ”ë° ì–¸ì œ ë„ì°© í• ê¹Œìš”?
626,86,1179,"ì–´ë¥¸ 2 11ì‚´ ì•„ì´ ì…‹ì´ ë¨¹ì„ê±´ë°ìš”
1kg ìœ¼ë¡œ ê´œì°®ì„ê¹Œìš”?"
627,86,1180,9ì¼ ì´ë‚˜ 10ì¼ ë°°ì†¡ë°›ê³ ì‹¶ë‹¤ê³  ì£¼ë¬¸ì„œ ìž‘ì„±í–ˆëŠ”ë° ì–´ë–»ê²Œ ë˜ë‚˜ìš” ?
628,86,1181,"ë°©ê¸ˆ ì£¼ë¬¸í–ˆëŠ”ë° ëª…ì ˆì „ì— ê°€ë‚˜ìš”ã…œã…œ
ë©”ì„¸ì§€ì— ëª»ì ì—ˆì–´ìš”ã… "
629,86,1182,ì¿ íŒ¡ì—ì„œëŠ” ë˜‘ê°™ì€ ì œí’ˆ ë°°ì†¡ 9ì¼ ë°°ì†¡ ì˜ˆì •ì´ë˜ë° ë‹¤ë¥¸ë´ê°€ìš”ã… ã… ?
630,86,1183,ì•ˆë…•í•˜ì„¸ìš”~ 2ì›” 4ì¼ ì£¼ë¬¸ë“œë ¸ëŠ”ë° ì—°íœ´ ì „ ìˆ˜ë ¹ì´ ê°€ëŠ¥í• ê¹Œìš”? ë§Žì´ ë°”ì˜ì‹¤ê±° ì•Œì§€ë§Œ ë¬¸ì˜ì— ë‹µë³€ì´ ì—†ìœ¼ì‹œê³  ë°œì†¡ì²˜ë¦¬ë„ ë„ˆë¬´ ëŠ¦ì–´ì ¸ ê±±ì •ì´ ë˜ì–´ ë¬¸ì˜ë“œë¦½ë‹ˆë‹¤. ë¶€ëª¨ë‹˜ ì„ ë¬¼ìš©ì´ë¼ ê¼­ ëª…ì ˆì „ì— ë³´ë‚´ë“œë¦¬ê³  ì‹¶ì–´ìš”.
631,86,1184,"2ì›”5ì¼ì£¼ë¬¸ë“œë ¸ëŠ”ë° ì•„ì§ë°œì†¡ ì•ˆëœê±´ê°€ìš”???
ëª…ì ˆì „ì„ ë¬¼ë¡œ ë³´ë‚¸ê±´ë° ë°œì†¡ì²˜ë¦¬ë„ì•ˆë˜ìžˆì–´ì„œìš”"
632,87,1185,ëŒ€ì¶”í† ë§ˆí†  ì–¸ì œ êµ¬ë§¤ê°€ëŠ¥í•œê°€ìš”ã…œã…œ
633,87,1186,ë“œë””ì–´ ë°©ìš¸í† ë§ˆí†  ë‚˜ì™”êµ°ìš”~
634,87,1187,"ì‹±ì‹±í•˜ê¸°ëŠ” í•œë° ìƒˆì½¤í•˜ê¸°ë§Œí•˜ê³  ë‹¬ì½¤í•œ ë§›ì€ í•˜ë‚˜ë„ ëŠê»´ì§€ì§ˆ ì•ŠëŠ”ë° ë©°ì¹  ìˆ™ì„±ì‹œí‚´ ë‹¬ì½¤í•´ì§ˆê¹Œìš”?
ì´ê±° ë„ˆë¬´ì‹ ë°ìš”ã…œã…œ"
635,87,1188,"ê¼­ì§€ê°€ ì—†ì–´ë©´ ì‹ ì„ ë„ë¥¼ ì•Œìˆ˜ê°€ì—†ìŒ
ì„ ë³„ê¸° ëŒë¦¬ë„ ê¼­ì§€ê°€ ì•ˆë–¨ì–´ì§€ëŠ” í’ˆì¢…ì´
ì„ ë³„ê¸° ëŒë ¤ë„ ê¼­ì§€ê°€ ì•ˆë–¨ì–´ ì§€ê³  ë¯¸ì„¸í•œ ìƒì²˜ë„ ì•ˆìƒê¸°ëŠ” í’ˆì¢…ì´ ìžˆìŠµë‹ˆë‹¤
ê¼­ì§€ê°€ ì—†ì–´ë©´ ìœ í†µê¸°í•œê³¼ ì‹ ì„ ë„ë¥¼ í™•ì¸í• ìˆ˜ì—†ìŒ"
636,87,1189,"ìŠ¤í…Œë¹„ì•„ í† ë§ˆí† ëŠ” ì›ëž˜ì˜ í† ë§ˆí† ê°€ ì•„ë‹Œ
"
637,87,1190,"ìŠ¤í…Œë¹„ì•„ í† ë§ˆí† ëŠ” ì›ëž˜ì˜ í† ë§ˆí† ê°€ ì•„ë‹™ë‹ˆë‹¤
í† ë§ˆí†  ì„¤íƒ•ê°™ì€ ìŠ¤í…Œë¹„ì•„ë¥¼ ê¸°ê³„ì— ì••ì¶•ê°€ê³µì œí’ˆìž…ë‹ˆë‹¤
í† ë§ˆí† ì›ëž˜íŠ¹ìœ ì˜ë§›ì´ì—†ê³  ë‹¨ë§›ë§Œë‚´ëŠ” ê°€ê³µí† ë§ˆí† ìž…ë‹ˆë‹¤
ëª¸ì—ì¢‹ì„ê¹Œìš”ã†ë‚˜ì˜ê¹Œìš”"
638,87,1191,"ì •ìì— ì‚¬ëŠ”ë° ë°˜ê°‘ë„¤ìš” 
ì§ì ‘ì‚¬ëŸ¬ê°€ë„ë˜ë‚˜ìš” 
ìœ„ì¹˜ê°€ ì–´ë””ì‹ ê°€ìš”"
639,87,1192,"ê°€ê²©ì´ 15,900ì´ë¼ ë“¤ì–´ì™”ëŠ”ë° íŽ˜ì´ì§€ë„˜ì–´ê°€ë©´ ê³„ì† 20,900ì´ë¼ê³  ë– ìš”"
640,87,1193,"ê°€ê³µì´ë¼ë©´ ë¬´ì¡°ê±´ ë‚˜ìœì¤„ ì•„ëŠ” ë¶„ì´ ê³„ì‹œë„¤.. ê·¸ëŸ¼ ì„¤íƒ•ë„ ê°€ê³µí•´ì„œ ë§Œë“ ê±° ë§ê³  ì‚¬íƒ•ìˆ˜ìˆ˜ì—ì„œ ì§ì ‘ ë§Œë“¤ì–´ ë“œì…”ì•¼ í• í…ë°.. ê·¸ëŸ¼ ì •ìˆ˜ê¸°ë¬¼, ìƒìˆ˜, ìˆ˜ë—ë¬¼ ì „ë¶€ ê°€ê³µì„ ê±°ì¹œ ë¬¼ì´ë‹ˆ í”¼í•˜ì…”ì•¼ í•  ë“¯. ê·¸ëŸ¬ê³ ë‚˜ì„œ ë‚¨ëŠ”ê±´ ëŒ€ìž¥ê·  ë§Žì•„ ìœ„í—˜í•œ ê°œìš¸ë¬¼ì´ ë‚¨ê² ë„¤ìš”. ì›ëž˜ì˜ í† ë§ˆí† ? ê·¸ëŸ°ê²Œ ì–´ë”¨ìŠµë‹ˆê¹Œ? ìš°ë¦¬ê°€ ë¨¹ëŠ” ìŒ€ì¡°ì°¨ ìˆ˜ì°¨ë¡€ êµìž¡ì„ ê±°ì³ ê°•ì œë¡œ ë§Œë“¤ì–´ë‚¸ ìžì—°ì—ì„œëŠ” ìŠ¤ìŠ¤ë¡œ ìžìƒí•  ìˆ˜ ì—†ëŠ” ì¸ê³µë¬¼ìž…ë‹ˆë‹¤."
641,87,1194,íŒë§¤ìžë‹˜. ë°°ì†¡ëŠ¦ë‹¤ê³  ë¬¸ìžë§Œ ë³´ë‚´ì‹œê³  ì—°ë½ì„ ì•ˆë°›ìœ¼ì‹œë„¤ìš”. ë°°ì†¡ëŠ¦ìœ¼ë©´ ì£¼ì†Œ ë°”ê¿”ì•¼í•´ì„œ ì „í™” ë¬¸ìž ë©”ì‹œì§€ ë‹¤ ë‚¨ê²¼ëŠ”ë° í”¼ë“œë°±ì´ ì—†ìœ¼ì‹œë©´ ì·¨ì†Œí•˜ë¼ëŠ”ê±´ì§€ ì£¼ì†Œë³€ê²½ì´ ê°€ëŠ¥í•œê±´ì§€ ì¢€ ì•Œë ¤ì£¼ì„¸ìš”.
642,88,1195,ë‹­ê°ˆë¹„ë§Œì€ ì†ŒìŠ¤ê°€ ì—†ë‚˜ìš”?
643,88,1196,ë‹­ê°ˆë¹„ ê³ ê¸°ë©ì–´ë¦¬ì‚¬ì´ì¦ˆì•Œê³ ì‹¶ì–´ìš” ì‚¬ì§„ì²˜ëŸ¼í†µì¸ê±´ê°€ìš” ìˆ¯ì—êµ¬ì›Œë¨¹ìœ¼ë ¤ê³ í•˜ê±°ë“ ìš”
644,88,1197,ë‹­ê°ˆë¹„ë§Œì€ ì†ŒìŠ¤ê°€ ì•ˆë“¤ì–´ìžˆë‚˜ìš”? ì•„ë‹˜ ê·¸ëƒ¥ ê³ ê¸°ìžì²´ì— ì†ŒìŠ¤ê°€ ë¬»ì–´ìžˆë‚˜ìš”?
645,88,1198,í˜¹ì‹œ ì§€ì—°ë°°ì†¡ìœ¼ë¡œ í•´ì£¼ì‹¤ ìˆ˜ ìžˆì„ê¹Œìš”? ë‚´ì¼ë¶€í„° ì¼ìš”ì¼ê¹Œì§€ ì§‘ì— ì—†ì„ ê²ƒ ê°™ì•„ì„œìš” ã… ã… 
646,88,1199,ã…‹ã…‹ì–˜ã…‘ã…‘
647,88,1200,ë©”ì‹œì§€ ë´ì£¼ì„¸ì—¬
648,88,1201,ë©”ì‹œì§€ ë´ì£¼ì„¸ìš” ë°°ì†¡ê´€ë ¨ ë¬¸ì˜ ë“œë ¸ìŠµë‹ˆë‹¤ 
649,88,1202,ë‹­ê°ˆë¹„ë§Œ ì£¼ë¬¸í•´ì„œ ê·¸ëƒ¥ ë‹¨ë…ìœ¼ë¡œ êµ¬ì›Œë¨¹ì–´ë„ ë˜ë‚˜ìš”? ë§›ìžˆë‚˜ìš”?
650,88,1203,"ì˜¤ëŠ˜12ì¼ì €ë… ì£¼ë¬¸í–ˆëŠ”ë° 16ì¼ ì˜¤ì „ê¹Œì§€ ëª»ë°›ì„êº¼ë©´ ì£¼ë¬¸ì·¨ì†Œí•˜ë ¤êµ¬ìš”.
ë‹µì£¼ì„¸ìš”.ì–´ë¨¸ë‹˜ìƒì‹ ìž…ë‹ˆë‹¤."
651,88,1204,ì£¼ë¬¸ í™•ì¸ ë¶€íƒë“œë¦½ë‹ˆë‹¤. ì£¼ë¬¸ê³¼ ë‹¤ë¥´ê²Œ ë°°ì†¡ë˜ì—ˆìŠµë‹ˆë‹¤ 
652,89,1205,ì•ˆë…•í•˜ì„¸ìš”~1ì›” 16ì¼ í† ìš”ì¼ ì €ë…ì— ë¨¹ìœ¼ë ¤í•©ë‹ˆë‹¤ ì•ˆì „í•˜ê²Œ ëª‡ì¼ë‚  ëª‡ì‹œê¹Œì§€ ì£¼ë¬¸í•˜ë©´ë ê¹Œìš”? í˜¹ì‹œ 16ì¼ í† ìš”ì¼ë„ ìš°ì²´êµ­íƒë°°ë¡œë°›ì„ìˆ˜ ìžˆë‚˜ìš”?
653,89,1206,í˜¹ì‹œ ìœ í†µê¸°í•œì´ ì–´ë–»ê²Œ ë˜ë‚˜ìš”?
654,89,1207,í† ìš”ì¼ë°°ì†¡ë°›ê³ ì‹¶ì€ë° ì–´ë–»ê²Œí•˜ë‚˜ìš”
655,89,1208,ìˆ˜ìš”ì¼ì— ì£¼ë¬¸í–ˆëŠ”ë° ì˜¤ëŠ˜ ë°œì†¡ë˜ë‚˜ìš”?
656,89,1209,ê¸ˆìš”ì¼ 11ì‹œì— ì£¼ë¬¸í•˜ë©´ ì£¼ë§ì— ë°›ì„ìˆ˜ ìžˆì„ê¹Œìš”?
657,89,1210,ì œì£¼ë„ë°°ì†¡ê°€ëŠ¥í•œê°€ìš”
658,89,1211,ì œì£¼ë°°ì†¡ì›í•´ìš”
659,89,1212,2ì›”8ì¼ë‚  ì£¼ë¬¸í–ˆëŠ”ë° ì–¸ì œì¯¤ ë°œì†¡ë ê¹Œìš”?
660,89,1213,ë°°ì†¡ë‚ ì§œ ì§€ì •ë˜ë‚˜ìš©?
661,89,1214,ì–¸ì œë°°ì†¡ë˜ë‚˜ìš”?
662,90,1215,"ì•ˆë…•í•˜ì„¸ìš”~?
ìžì£¼ ì„ ë¬¼ì •ìœ¡ì ì„ ì´ìš©í•©ë‹ˆë‹¤
10ì¼ ìƒˆë²½1ì‹œì— ì£¼ë¬¸ í–ˆìŠµë‹ˆë‹¤
14ì¼ê¹Œì§€ ë°›ì„ ìˆ˜ ìžˆëŠ”ì§€ ë‹µë³€ ë¶€íƒí•©ë‹ˆë‹¤~^^"
663,90,1216,í˜¹ì‹œ ë°œì†¡ëœê±° ì§€ì—°ë°°ì†¡ìœ¼ë¡œ ëŒë¦´ ìˆ˜ ìžˆì„ê¹Œìš”? ë‚´ì¼ë¶€í„° ì¼ìš”ì¼ê¹Œì§€ ì§‘ì— ì—†ì„ ê²ƒ ê°™ì•„ì„œìš” ã… ã… 
664,90,1217,12ì›”30ì¼ì£¼ë¬¸í–ˆëŠ”ë° ì™œì•ˆì˜¤ì£ ?!
665,90,1218,ì†Œê¸ˆê°„ ë˜ì–´ ìžˆë‚˜ìš”? ì•ˆ ë˜ì–´ ìžˆëŠ” ê±¸ ì°¾ê³  ìžˆì–´ì„œìš”
666,90,1219,ì‚¬íƒœìˆ˜ìœ¡ ìœ í†µê¸°í•œì¢€ìš”
667,90,1220,ê³ ê¸°ì¶”ê°€í–ˆëŠ”ë° ê³ ê¸°ê°€ ì•ˆì™”ê³  2ê°œì‹œì¼°ëŠ”ë° íŒŒ ì–‘ë…í†µë„ 1ê°œì—ìš” ë©”ì‹œì§€ë³´ë‚´ë„ ì½ìœ¼ì‹œì§ˆì•Šìœ¼ë‹ˆ ì–´ë””ë¡œ ì—°ë½í•´ì•¼í•˜ë‚˜ìš”?
668,90,1221,"í—ˆê±±..
ì„¤ì— ë–¡êµ­ ë“ì—¬ë¨¹ìœ¼ë ¤ í–ˆëŠ”ë° 15ì¼ ì´í›„ì—ë‚˜ ê°€ëŠ¥í•˜ë„¤ìš”ã… ã… "
669,90,1222,2ë³‘ ì„¤ì „ë°œì†¡ì•ˆë˜ë‚˜ìš”?
670,90,1223,"ì‚´ì „ì— ëª»ë°›ë„¤ìš” ã…œã…œ ë˜ê²Œê´œì°®ì€ê²ƒê°™ì€ë°
ì´ê±´ 1ë³‘ì—  ë®¬ì—í¬ì„í•´ì„œ ë¨¹ëŠ”ìž¬í’ˆì¸ê°€ìš”???
ì¶”ì„ì•¤ ë¯¸ë¦¬ë¯¸ë¦¬ ì¤€ë¹„í•´ì„œ ì„ ë¬¼í•´ì•¼ê² ì–´ìš”ã…œã…œ"
671,90,1224,ì‚¬íƒœìˆ˜ìœ¡ì€ ì–´ë–»ê²Œ ì¡°ë¦¬í•´ë¨¹ìœ¼ë©´ë˜ë‚˜ìš”~?
672,91,1225,1000ë¯¸ë¦¬ 2ê°œ ì£¼ë¬¸ í–ˆëŠ”ë° 1ê°œëž‘ 100ë¯¸ë¦¬ 3ê°œ ë°°ì†¡ëë„¤ìš”~  í™•ì¸ ë¶€íƒë“œë¦´ê²Œìš”
673,91,1226,"ì•ˆë™ì— ì²œì‚¬ê°€ ì‚¬ì‹œë‚˜ë´ìš”â™¡â™¡â™¡ ë°°ì†¡ì— ìž ì‹œ ë¬¸ì œê°€ ìžˆì—ˆë‹¤ê³  ëŒ“ê¸€ë‹¬ì•˜ì—ˆëŠ”ë° ë©”ì„¸ì§€ë¡œ ëŒ€í™”í›„ ë‹¤ì‹œë³´ë‚´ì£¼ì‹œê³  ê±°ê¸°ë‹¤ê°€ ì„œë¹„ìŠ¤ê¹Œì§€íŒíŒ   
ìž˜ë¨¹ì„ê²Œìš”íŒë§¤ìžë‹˜â™¡â™¡  ê°ì‚¬í•´ìš”"
674,91,1227,ëŒ€ì²´ ì–¸ì œ ë³´ë‚´ì£¼ì‹œëŠ” ê±´ê°€ìš”? ì›ëž˜ 17ì¼ ëª©ìš”ì¼ì— ë°œì†¡í•´ì£¼ì‹œëŠ”ê±´ë° ì£¼ë¬¸ì°©ì˜¤ë¡œ ë‹¤ìŒë‚ ì¸ 18ì¼ì´ë‚˜ ì›”ìš”ì¼ì¸ 21ì¼ì— ë³´ë‚´ì£¼ì‹ ë‹¤í•˜ì—¬ ì£¼ë§ì— ì§‘ì„ ë¹„ìš¸ê²ƒê°™ì•„ ì›”ìš”ì¼ì— ë³´ë‚´ë‹¬ë¼í–ˆë”ë‹ˆ ì›”ìš”ì¼ì— ê¹œê¹œë¬´ì†Œì‹ ê²°êµ­ ë¨¼ì € ì—°ë½ë“œë ¸ë”ë‹ˆ ë‚´ì¼ ë°°ì†¡í•´ë“œë¦´ê²Œìš” í•˜ë”ë‹ˆ í™”ìš”ì¼ ì˜¤ëŠ˜ë„ ê¹œê¹œë¬´ì†Œì‹ì´ë„¤ìš” ì´ë²ˆì£¼ ë‚´ë¡œ ë°›ì„ ìˆ˜ ìžˆê¸´í•œê°€ìš”? ë¬´ìŠ¨ ë¬¸ì œê°€ ìžˆìœ¼ë©´ ë¯¸ë¦¬ ì—°ë½ì£¼ì…”ì•¼ í•˜ëŠ”ê±° ì•„ë‹Œê°€ìš”
675,91,1228,"ìž‘ê°€ë‹˜,ì°¸..ì´ê³³ì€ ì°¸ëŠ”ìžì—ê²Œ ë³µì´ì˜¤ëŠ”ê²Œ ì•„ë‹ˆë¼    ë°”ë³´ì·¨ê¸‰ ì†í•´ì™€ ì†ìƒí•¨ë§Œ ì°¨ì˜¤ë¥´ëŠ”ê³³ì´ë„¤ìš”.  ë¸”í”„ë•Œêµ¬ë§¤.ë°°ì†¡ì—°ë½ë¬¸ì œ..ì°¸ì•˜ì–´ìš”. ìž¬ì£¼ë¬¸ì‹œ ë°±ë¯¸ë¦¬ 3ë³‘ ì„œë¹„ìŠ¤ë¼ê³  í˜„í˜¹ ë©”ì„¸ì§€ ë‚ ë ¤ì„œ ìž¬êµ¬ë§¤.ì¨ë¹„ìŠ¤ ìžˆê¸´ ê°œë¿”ìš”. ë°°ì†¡ì†¡ìž¥ìž…ë ¥ ì•ˆë˜ì„œ     ê°œê³ ìƒ ëì— ì°¾ê³ .ê·¸ë‹¤ìŒ í•œì°¸ì„ ë©”ì„¸ì§€ì—ëŠ” ë¬µë¬µë¬´ë‹µì´ë”ë‹ˆ..í•œì°¸ì§€ë‚˜ ìš”ë²ˆì£¼ì— ë¹ ì§„ê²ƒ ë°±ë¯¸ë¦¬ 3ë³‘ ë³´ë‚¸ë‹¤ë”ë‹ˆ..ê¹œê¹œ ë¬´ì†Œì‹ì´ë„¤ìš”.  ì°¸,ì‹ ë¢°!ì‹ ìš©ì´ ì¤‘ìš”í•œë°.. ìŒ“ëŠ”ê±´ ì‰½ê³ ,ë¬´ë„ˆì§€ëŠ”ê±´ í•œìˆœê°„ì¸ëŒ€ìš”. ì´ê³³ ë°€í¬í‘¸ë“œì—°êµ¬ì„¼í„°ëŠ” ì‹ ë¢°ë¥¼ ë¬´ë„ˆëœ¨ë¦¬ëŠ” ëŒ€ì²˜ì—†ëŠ”  ì¼ì²˜ë¦¬ë„¤ìš”.ì‚¬ì ì´ ì•„ë‹Œ,,ì†Œë¹„ìž,íŒë§¤ìžë¡œ ê³µì ìž…ë‹ˆë‹¤.ìŠ¤í† ë¦¬ì—ëŠ” ì´ˆì‹¬..ì„œíˆ¼ ìš´ìš´í•˜ì‹œë˜ë°,ê·¸ê±´ ë‘˜ì§¸ë¡œ ì œì³ë†“ê³ ë¼ë„,ê·¸ëƒ¥ ì›ì¹™ì˜ ê¸°ë³¸ì„ ì§€ì¼œì£¼ì„¸ìš”.ê·¸ ê¸°ë³¸ ì•½ì†ì„ìš”
ì €,ë°±ë¯¸ë¦¬ 3ë³‘ ì•ˆ ë°›ê³  ê·¸ëƒ¥ ê¸°ë¶„ì¢€ ìƒí•˜ê³  ìš• í•œë²ˆ ì†ìœ¼ë¡œ í•˜ê³  ëë‚¼ê²Œìš”.ê·¼ë° ê·¸ë ‡ê²Œ ê³µì§€í•œê²ƒ,ì†Œë¹„ìžì—ê²Œ ì•½ì†í•œê±´ ì•žìœ¼ë¡œ ì§€í‚¤ê³  ì´ê³³ì—ì„œ íŒë§¤í•˜ì‹œë¼êµ¬ìš”."
676,91,1229,ìœ„ì— ê¸€ ì“°ê³  í™”ìš”ì¼ë„ ì•ˆë³´ë‚´ì‹œê³  ì·¨ì†Œí•˜ì‹¤ì¤„ ì•Œì•˜ë‹¤ë¼ëŠ” ì´ìƒí•œ ë³€ëª… ëŒ€ì‹œê³  ëª©ìš”ì¼ì— ë³´ë‚´ì£¼ì‹ ë‹¤ í•˜ë”ë‹ˆ ëœ¬ê¸ˆì—†ì´ ìˆ˜ìš”ì¼ì— ë¬¼ê±´ë„ì°© ê²Œë‹¤ê°€ ë‚´ê°€ ì‹œí‚¨ìˆ˜ëŸ‰ê³¼ ë‹¤ë¦„ ì—¬ì­¤ë³´ë‹ˆ ì–´ì œëŠ” ê²€ìƒ‰í–ˆì„ë•Œ ì•ˆë‚˜ì™€ì„œ ì•ˆë³´ë‚¸ì¤„ ì•Œì•˜ë‹¤ ê·¸ëŸ¼ ì›”ìš”ì¼ì— ë‹¤ì‹œ ë³´ë‚´ì£¼ê² ë‹¤ã…‹ã…‹ã…‹ë­ì£  ëª©ìš”ì¼ì— ë³´ë‚´ì¤€ë‹¤ëŠ”ê±´ ì–´ë””ê°€ê³  ê°‘ìžê¸° ì›”ìš”ì¼? ê·¼ë° ì°¸ì•˜ìŠµë‹ˆë‹¤ ì¼ë‹¨ ì¼ë¶€ëŠ” ì™”ê³  ë¨¹ìœ¼ë©° ê¸°ë‹¤ë¦¬ë©´ ë˜ë‹ˆê¹Œ ê·¼ë° ì›”ìš”ì¼ë„ ê¹œê¹œë¬´ì†Œì‹ ê²°êµ­ í™”ìš”ì¼ì¸ ì˜¤ëŠ˜ ë˜ ì—°ë½ë“œë¦¬ë‹ˆ ì§€ê¸ˆ í¬ìž¥í•˜ê³  ìžˆìŠµë‹ˆë‹¤?ã…‹ã…‹ã…‹ã…‹ã…‹ã…‹ã…‹ã…‹ã…‹ã…‹ã…‹ã…‹ã…‹ã…‹ã…‹ã…‹ã…‹ëª‡ë²ˆì´ê³  ì›”ìš”ì¼ì— ë³´ë‚´ê³  ì—°ë½ë‹¬ë¼ ê¼­ ìžŠì§€ë§ì•„ë‹¬ë¼ ë¶€íƒë“œë ¸ëŠ”ë° ë˜ ì£„ì†¡ì´ê³  ë­ê³  ê·¸ëƒ¥ ë³€ëª…ì´ì‹œë„¤ìš” ê²°êµ­ ì·¨ì†Œìš”ì²­ë“œë ¸ê³  ì·¨ì†ŒëŠ” ì•„ì£¼ ë¹ ë¥´ê²Œ í•´ì£¼ì‹œê³  ê°ì‚¬í•©ë‹ˆë‹¤! ê°€ ëì´ì‹œë„¤ìš” ì „ ì´ê±° ë•Œë¬¸ì— ê±°ì˜ 2ì£¼ë„˜ê²Œ ì‹ ê²½ ì¼ëŠ”ë° ã…‹ã…‹ã…‹ã…‹ì‚¬ìž¥ë‹˜ ì´ëŸ´ê±°ë©´ ìµœì†Œí•œ ìˆ˜ëŸ‰ë§Œ ë°›ê³  ë™ë„¤ ìž¥ì‚¬í•˜ì„¸ìš” ì´ëŸ°ê±¸ë¡œ ì›¬ë§Œí•´ì„œ í™” ì•ˆë‚˜ëŠ”ë° ë„ˆë¬´ ëŒ€ì‘ë„ ì„œë¹„ìŠ¤ë„ ìµœì•…ì´ë„¤ìš” ë‹¤ì‹  ì‚´ ì¼ ì—†ì„ê²ë‹ˆë‹¤
677,91,1230,ì €...íƒë°°ë²ˆí˜¸ ì¡°íšŒí–ˆëŠ”ë° ì œê°€ ì•„ë‹ˆë¼ ë‹¤ë¥¸ ì‚¬ëžŒí•œí…Œ ë°°ì†¡ ì™„ë£Œê°€ ë˜ì—ˆë„¤ìš”...í™•ì¸ë¶€íƒë“œë¦½ë‹ˆë‹¤
678,91,1231,ì•„ì´ê°€ ë¨¹ì–´ë„ ë ê¹Œìš”? 5ì„¸ì•„ì´ì—ìš”
679,91,1232,1000ë¯¸ë¦¬ ë‘ê°œ ì£¼ë¬¸í–ˆëŠ”ë° ì˜¤ë°±ë¯¸ë¦¬ 2ê°œ ì™“ì–´ìš” ì–´ë””ì— ë¬¸ì˜í•´ì•¼í•˜ë‚˜ìš”
680,91,1233,í•˜ë£¨ì— ì–¼ë§Œí¼ ë¨¹ì–´ì•¼ë˜ë‚˜ìš”?
681,91,1234,ì™œ ì†¡ìž¥ìž…ë ¥ ì•ˆ í•´ ì£¼ì‹œë‚˜ìš”?? ì„¤ ì „ì— ë„ì°©í•œë‹¤ê³  ë§ë§Œí•˜ê³  ì†¡ìž¥ìž…ë ¥ë„ ì•ˆ ë˜ë©´ ì œê°€ ì¡°ë§ˆì¡°ë§ˆí•˜ë©° ê¸°ë‹¤ë¦¬ê³  ìžˆì–´ì•¼ í•˜ëŠ”ê±´ê°€ìš”??
682,92,1235,ë„ˆë¬´ ë§›ìžˆì–´ìš” ë‹¤ë“¤ ê¼­ ì‚¬ë¨¹ìœ¼ì„¸ìš” ë§Œì•½ ë‚´ê°€ íŒŒìŠ¤íƒ€ì§‘ ì°¨ë¦°ë‹¤ë©´ ì´ ê°€ê²Œêº¼ ì“°ê³ ì‹¶ì„ ì •ë„ ! !
683,92,1236,ì˜¤ëŠ˜ ì£¼ë¬¸ í–ˆëŠ”ë° 24ì¼ë‚  ë°›ì„ ìˆ˜ ìžˆë‚˜ìš”?
684,92,1237,í˜¹ì‹œ ë§µì§„ ì•Šë‚˜ìš”?? 22ê°œì›” ì•„ê¸°ê°€ í¬ë¦¼íŒŒìŠ¤íƒ€ë¥¼ ì¢‹ì•„í•´ì„œ ê°™ì´ ë¨¹ì„ ìˆ˜ ìžˆëŠ”ê±´ê°€ ê¶ê¸ˆí•´ìš”~~
685,93,1238,ìž‘ê°€ë‹˜ ë²ˆì°½í•˜ì„¸ìš”
686,93,1239,ì˜¤ì „ 9ì‹œ 30ë¶„ê²½ ì£¼ë¬¸í–ˆëŠ”ë° ì˜¤ëŠ˜ ë°œì†¡ì¸ê±´ê°€ìš”?
687,93,1240,ì œì£¼ë°°ì†¡ë˜ë‚˜ìš”??
688,93,1241,ì œì£¼ì—ì„œ ë°°ì†¡ì‹œí‚¤ë©´ ì–´ëŠ ì •ë„ ê±¸ë¦¬ë‚˜ìš”?
689,93,1242,ì œì£¼ë°°ì†¡ì–´ë µìŠµë‹ˆë‹¤ã… ã… ì£„ì†¡í•©ë‹ˆë‹¤
690,94,1243,"24ì¼ ì£¼ë¬¸í–ˆëŠ”ë° ë¨¹ê³ ì‹¶ì–´ ì£½ê² ì–´ìš”
ë‚´ì¼ì€ ë¨¹ì„ ìˆ˜ ìžˆê² ì£ ? ë§›ì§‘ì´ë¼ ì˜¤ëž˜ê±¸ë¦°ë‹¤ê³  ë¯¿ê³ ìžˆì–´ìš”
ë‚´ì¼ë„ ëª»ë¨¹ìœ¼ë©´ ëˆˆë¬¼ë‚ ê²ƒê°™ì•„ìš”ðŸ˜¢
ì•„ì§ ì•ˆë³´ëƒˆìœ¼ë¨¼ ì™€ì‚¬ë¹„ ì¡°ê¸ˆ ë” ë„£ì–´ì£¼ì„¸ì—¬ðŸ˜ŠðŸ˜Š"
691,94,1244,ì·¨ì†ŒìŠ¹ì¸ì¢€í•´ì£¼ì„¸ì—¬!!!
692,94,1245,ì–´ì œ ì£¼ë¬¸í–ˆëŠ”ë° ì–¸ì œë°°ì†¡ë˜ë‚˜ìš”?
693,94,1246,ì €ë²ˆì£¼ ê¸ˆìš”ì¼ì— ì£¼ë¬¸í–ˆëŠ”ë° ì–¸ì œì¯¤ ë°°ì†¡ë˜ë‚˜ìš”!!?
694,94,1247,ìƒì¼ì´ ì–´ì©Œë‹¤ í•œë²ˆì”© ì„¤ì—°íœ´ëž‘ ê²¹ì¹˜ëŠ”ë° ì…€í”„ ì„ ë¬¼ë¡œ êµ¬ë§¤í–ˆëŠ”ë°...ì„¤ì—°íœ´ ë°°ì†¡ ë§ˆê°ì„ í™•ì¸ ëª»í•˜ê³  ì£¼ë¬¸í•´ë²„ë ¸ë„¤ìš” ã… ã… ...ì£¼ë¬¸ ì·¨ì†Œ ìŠ¹ì¸ë¶€íƒë“œë¦½ë‹ˆë‹¤!
695,94,1248,ë‹¤ì‹œì£¼ë¬¸í•´ìš” ì•žì „ì£¼ë¬¸ê±´ ì·¨ì†Œí•´ì£¼ì„¸ìš”
696,94,1249,ìž‘ê°€ë‹˜ 2ì›”8ì¼ ì£¼ë¬¸ì¸ë° ì•„ì§ë„ ëª»ë°›ì•˜ì–´ìš” ì €ëŠ” ì–¸ì œë°›ì„ìˆ˜ìžˆë‚˜ìš”??
697,94,1250,ìˆœì°¨ì  ë°œì†¡ì´ë¼ëŠ”ê±´ ì•Œê² ëŠ”ë° ëŒ€ëžµì´ë¼ë„ ì–¸ì œì¯¤ ë°œì†¡ë˜ëŠ”ì§€ëŠ” ëª¨ë¥´ë‚˜ìš”? ì´ë²ˆì£¼ ë‚´ ë°°ì†¡ ì•ˆë˜ë©´ ì·¨ì†Œí•˜ë ¤ê³ ìš”
698,94,1251,14ì¼ ì£¼ë¬¸ê±´ì¸ë° ì–¸ì œ ë°œì†¡ë  ì˜ˆì •ì¸ê°€ìš”?
699,94,1252,ì œì£¼ë„ë„ ë°°ì†¡ê°€ëŠ¥í•œê°€ìš”???ã… ã…œ
700,95,1253,"ì•ˆë…•í•˜ì„¸ìš”?
32000ì› ìž…ë‹ˆë‹¤.
ì–´ë””ì— 40000ì›ì´ ë„˜ë‚˜ìš”?"
701,95,1254,ìž¬êµ¬ë§¤í•©ë‹ˆë‹¤~~~  ì˜¨ê°€ì¡±ì´ ìž˜ ë¨¹ê³  ìžˆìŠµë‹ˆë‚˜
702,95,1255,ë¯¿ê³  êµ¬ë§¤í•´ ì£¼ì…”ì„œ ê°ì‚¬í•©ë‹ˆë‹¤ .
703,95,1256,ê³ ê¸°ëŠ” ì—°í•˜ê³  ë§›ì€ ê´¸ì°®ì•„ìš”ã†2ì¸ë¶„ì–‘ì€  ì‹ë‹¹ì—ì„œ í¬ìž¥í•´ì£¼ëŠ” 1ì¸ë¶„ì–‘ì´ëž‘ ë¹„ìŠ·í•´ìš”ã† 
704,95,1257,ê³°íƒ•ì´ëž‘ êµ­ë¬¼ì´ ë”°ë¡œ íŒë§¤ë˜ëŠ”ë°... ê³°íƒ•ì€ êµ­ë¬¼ ì•„ë‹Œê°€ìš”? ì°¨ì´ê°€ ë­”ì§€ ê¶ê¸ˆí•´ìš”~~
705,95,1258,ì›ëž˜ 2ì¸ë¶„ì— 11.000ì› ì•„ë‹ˆì˜€ë‚˜ìš”..ì˜ˆì „ì—ëŠ” 700ê·¸ëžŒì— 11.000ì›ì´ì˜€ëŠ”ë° ì§€ê¸ˆì€ 730ê·¸ëžŒì— 11.000ì›ì¸ë° ì´ê²Œ ë¸”ëž™í”„ë¼ì´ë°ì´ ì„¸ì¼ ë§žëŠ”ì§€..ìž˜ëª»í‘œê¸°ëœê±´ì§€ ì—¬ì­¤ë´…ë‹ˆë‹¤
706,95,1259,ê³ ê¸°ì•ˆë“¤ì–´ê°„ êµ­ë¬¼ë§Œì€ ë”°ë¡œ êµ¬ë§¤ì•ˆë˜ëŠ”ê±´ê°€ìš”~?
707,95,1260,ì§€ê¸ˆ  ì£¼ë¬¸í•˜ë©´ ë‹´ì£¼ ì›”ìšœ ë°°ì†¡ì¸ê°€ìš”?
708,95,1261,ëŒì•„ê¸°ë„ ë¨¹ì„ìˆ˜ìžˆë‚˜ìš”?
709,95,1262,ì–´ì œ ì•„ì¹¨ì— ì£¼ë¬¸í–ˆëŠ”ë° ì–¸ì œì¯¤ ë°›ì„ ìˆ˜ ìžˆì„ê¹Œìš”?
710,96,1263,ìƒì†Œì„¸ì§€ëž‘ ë§¤ì½¤ ì†Œì„¸ì§€ ê°™ì´ ì£¼ë¬¸í•˜ë ¤ê³ í•˜ëŠ”ë° ì–´ë–»ê²Œ ì£¼ë¬¸í•´ì•¼ã…˜ë‚˜ìš”
711,96,1264,ìž¥ë°”êµ¬ë‹ˆì— ë‹´ì•„  ì£¼ë¬¸í•˜ì‹¬ ë©ë‹ˆë‹¤^^
712,96,1265,ì„ ë¬¼í•˜ë ¤í•˜ëŠ”ë° í˜¹ì‹œ íƒë°°ì— ë³´ê´€ë°©ë²• ì¡°ë¦¬ë°©ë²• ì ížŒ ì¢…ì´ê°™ì€ê²Œ ê°™ì´ ë°°ì†¡ë˜ë‚˜ìš”???
713,96,1266,ì„ ë¬¼ë¡œ ì—¬ëŸ¬ê°œì£¼ë¬¸í•˜ë ¤ëŠ”ë° ì „í™”ë¬¸ì˜ëŠ” ì•ˆë˜ë‚˜ìš”~~
714,96,1267,í•´ë™ìƒíƒœì—ì„œëŠ” ìœ í†µê¸°í•œì´ ì–´ëŠì •ë„ë ê°€ìš”?
715,96,1268,ì–´ë”” íƒë°°ë¡œ ë³´ë‚´ì‹œë‚˜ìš”?
716,96,1269,ë°©ê¸ˆíƒë°°ë°›ì•˜ëŠ”ë° ì†Œì„¸ì§€ëŠ”ì•ˆì˜¤ê³  ìŠ¤í…Œì´í¬ë§Œì™”ëŠ”ë° ë°°ì†¡ì´ë”°ë¡œì˜¤ë‚˜ìš”?
717,96,1270,23ì¼ì£¼ë¬¸í–ˆëŠ”ë° 28ì¼ì˜¤ëŠ˜ê¹Œì§€ ë°°ì†¡í•˜ì§€ë„ì•Šê³ ...
718,96,1271,ì§€ê¸ˆ ì£¼ë¬¸í•˜ë©´ ì–¸ì œì¯¤ ë°›ì„ìˆ˜ìžˆì„ê¹Œìš”?ì§€ê¸ˆ ì£¼ë¬¸í•˜ë ¤ëŠ”ë°  ë°°ì†¡ì´ ì–¼ë§ˆë‚˜ ê±¸ë¦¬ëŠ”ì§€ ì•Œì•„ì•¼ ì£¼ë¬¸ì„ í• ìˆ˜ ìžˆì„ê²ƒ ê°™ì•„ì„œìš” ë¹ ë¥¸ ë‹µë³€ ë¶€íƒë“œë ¤ìš”
719,96,1272,í•œíŒ©ì— ëª‡ê°œ ë“¤ì–´ìžˆë‚˜ìš”??
720,97,1273,ë„ˆë¬´ ê°„íŽ¸í•˜ê³  ë§›ìžˆê²Œ ë¨¹ì—ˆìŠµë‹ˆë‹¤~ ì™„ì œí’ˆ êµ­ì„ ì´ë ‡ê²Œ ê°„íŽ¸í•˜ê²Œ ë¨¹ì„ìˆ˜ìžˆë‹¤ë‹ˆ ì¢‹ì•„ìš” ìž…ì ê¸°ë…í• ì¸ê¹Œì§€~ã…Ž 1ì¸ê°€êµ¬ëŠ” 2ë²ˆì´ìƒ ë¨¹ì„ ì–‘ì´ë¼ì„œ ë„‰ë„‰í•˜ë‹ˆ ì¢‹ì•„ìš” ã…Ž
721,97,1274,êµ­ë°¥ì„ ì¢‹ì•„í•´ì„œ ~ ì§€ê¸ˆê¹Œì§€ ê°€ìž¥ ì •ì„±ê³¼ ë§›ì´ ë‹´ê¸´ ì´ì¡°ê³°íƒ•ë§Œ ë¨¹ì—ˆëŠ”ë° ê°€ê²©ì€ 3ë°°ì •ë„ ë§›ì— ê±¸ ë§žê²Œ ë¹„ìŒ‰ë‹ˆë‹¤. ì´ ë²ˆì—  í•œìš° ìš°ê±°ì§€êµ­ë°¥ì„ ìš°ì—°ížˆ êµ¬ë§¤ ë§›ì„ ë³´ê³  ê¹œì§ ë†€ëžìë‹ˆë‹¤.  ì´ ì •ë„  ë§›ê³¼ ì •ì„±ì´ ëŠê»´ì§€ê³   ê°€ê²©ê¹Œì§€ ë‚®ë‹¤ë‹ˆ ê¹œì§ ë†€ëžìë‹ˆë‹¤. ì €ëŠ” ë¶€ì‚°ì—ì„œ ì‚¬ì—…í•˜ëŠ” ì‚¬ëžŒì´ë¼  ì•„ì¹¨ì„ ê¼­ ë¨¹ëŠ” ê´€ê³„ë¡œ  ì£¼ìœ„ ë¶„ë“¤ê»˜ ê°•ì¶”í•  ìƒê°ìž…ë‹ˆë‹¤.  ì¢‹ì€ ìŒì‹ ë§›ìžˆê²Œ ë¨¹ì—ˆìë‹ˆë‹¤.. ê³„ì† í’ˆì§ˆì„ ìœ ì§€í•´ ì£¼ì„¸ìš”~~^
722,97,1275,ã…Žã…Ž ì§€ê¸ˆ ë‘ ì§€ì¸ë“¤ í•œí…Œ ë‹¤ì„¯íŒ©ì”© ê¶Œìœ í•œë‹¤ê³  ì£¼ë¬¸í–ˆìë‹ˆëŒœ
723,97,1276,í•œíŒ©ì— ì–‘ì´ ì–´ëŠì •ë„ ë ê¹Œìš”?
724,97,1277,15ì¼ì—ì£¼ë¬¸í–ˆëŠ”ë° ì–¸ì œì¯¤ ë°°ì†¡ ë ê¹Œìš”~?
725,97,1278,ì—°ì´ë‹˜ ëŒ“ê¸€ì„ ì´ì œì•¼ í™•ì¸í–ˆë„¤ìš”. ë°›ìœ¼ì…¨ì§€ìš”? ì—°íœ´ë™ì•ˆ ì£¼ë¬¸ì´ ëª°ë ¤ì„œ ìˆ˜ì œì´ë‹¤ë³´ë‹ˆ ìƒì‚°ì–‘ì´ í•œê³„ê°€ ìžˆì–´ì„œ ë°°ì†¡ì´ ì¢€ ëŠ¦ì—ˆì–´ìš”^^~ ë§›ìžˆê²Œ ë“œì…¨ìœ¼ë©´ ì¢‹ê² ìŠµë‹ˆë‹¤^^
726,98,1279,"ìž‘ê°€ë‹˜
ì˜¤ëŠ˜ ì£¼ë¬¸í•˜ë©´(9ì›”17ì¼ ëª©ìš”ì¼) ì–¸ì œ ë°›ì„ ìˆ˜ ìžˆì„ê¹Œìš”?
ì¶”ì„ ì´ì „ì— ë°›ì•„ì„œ ì¶”ì„ì— ë¨¹ì„ ìˆ˜ ìžˆì„ê¹Œìš”?"
727,98,1280,ì•ˆë…•í•˜ì„¸ìš”?^^ 15ì¼ì£¼ë¬¸í–ˆëŠ”ë°ìš”~ì´ë²ˆì£¼ì•ˆì— ì˜¤ë‚˜ìš”?^^;
728,98,1281,ê°ì‚¬í•©ë‹ˆë‹¤^^ ë¹¨ë¦¬.ë§›ë³´ê³  ì‹¶ì–´ì„œ ã…‹ã…‹ë‹¤ ë§›ë‚˜ë³´ì—¬ì„œ ì´ê²ƒì €ê²ƒ êµ¬ë§¤í–ˆê±°ë“ ìš”^^ 
729,98,1282,  í•œì¶˜í™”.ì½”ë‹¤ë¦¬2ê°œë¡œ ìž…ê¸ˆí–ˆìŠµë‹ˆë‹¤. í™•ì¸ë°”ë¼ê³ ìš”. ì–¸ì œì¯¤ ë„ì°©í• ê¹Œìš”?
730,98,1283,ì•ˆë…•í•˜ì„¸ìš” í˜¹ì‹œ ì–´ëŠì •ë„ ë‹¬ì½¤í•˜ë‚˜ìš”?
731,98,1284,ë°›ìœ¼ë©´ ëƒ‰ìž¥ìƒíƒœë¼ ì°¨ê°€ìš´ë° ì–´ëœ¨ì¼€ ë¨¹ì–´ì•¼ ë˜ëŠ”ì§€ ë‚˜ì™€ìžˆì§€ ì•Šì€ë° ì–´ë–»ê²Œ ë¨¹ë‚˜ìš”?
732,98,1285,ì•„ì´ê³  í›„ë¼ì´íŒ¬ì— ë¹ ì§í–ˆë”ë‹ˆ ê·¸ë‹¤ì§€ ë§›ì€ì—†ë„¤ìš” ë‚¨ì€ ì¡°ê¸ˆì€ ë‚´ì¼ë Œì§€ë¡œ í•´ë´ì•¼ê² ì–´ìš”
733,98,1286,"1.11ì¼ ì£¼ë¬¸í–ˆëŠ”ë°..ë°°ì†¡ì „ì´ë¼...
ì–¸ì œ ë°°ì†¡ë ê¹Œìš”?"
734,98,1287,15ì¼ì£¼ë¬¸í–ˆëŠ”ë° ì•ˆì˜¤ë„¤ìš”
735,98,1288,ì„¤ ì´í›„ì— ì½”ë‹¤ë¦¬ê°•ì • ìž¬íŒë§¤ì•ˆí•˜ì‹œë‚˜ìš”?
736,99,1289,ì£¼ì†Œì§€ ë³€ê²½ ë©”ì„¸ì§€ ë“œë ¸ì–´ìš”~ í™•ì¸ë¶€íƒë“œë ¤ìš”
737,99,1290,ë©”ì„¸ì§€ ë“œë ¸ëŠ”ë° í™•ì¸ ë¶€íƒë“œë¦½ë‹ˆë‹¤ :)
738,99,1291,í˜¹ì‹œ 4~5ëª…ì´ì„œ ë¨¹ì„ê±°ë©´ 2ê°œ ì£¼ë¬¸í•˜ëŠ”ê²Œ ë§žì„ê¹Œìš” ??
739,99,1292,ëƒ‰ë™ë³´ê´€ ê°€ëŠ¥í•œê°€ìš”?
740,99,1293,ì–¼í°íƒ•ì€ ë§¤ìš´ê°€ìš”? ë¼ë©´ìœ¼ë¡œ ì¹˜ë©´ ì–´ëŠìž¥ë„ì¸ê°€ìš”?/ í˜¹ì‹œ ì–¼í°íƒ• ì‹œì¼œì„œ ë§¤ìš´ë§› ì•ˆë§¤ìš´ë§› ë‘ë²„ì ¼ìœ¼ë¡œ ë¨¹ì„ìˆ˜ ìžˆë‚˜ìš”?
741,99,1294,ì•„ë²„ì§€ê°€ ìœ„ê°€ì•ˆì¢‹ìœ¼ì…”ì„œ ì•½ê°„ì´ë¼ë„ ë§¤ìš´ê±´ ëª»ë“œì‹œëŠ”ë° í˜¹ì‹œ ë§‘ì€íƒ•ì€ ë§¤ìš¸ê¹Œìš”?
742,99,1295,"30ì¼ ì €ë… 8ì‹œì¯¤ ì£¼ë¬¸í–ˆê±°ë“ ìš”
ë‚´ì¼ ì¶œë°œì´ë©´ 1ì›”1ì¼ì€ ë°°ì†¡ì´ ì•ˆë˜ê³  í† ìš”ì¼ì— ë°›ì„ ê²ƒ ê°™ì€ë°(ìž˜ëª»í•˜ë©´ í† ìšœì—ë„ ëª»ë°›ì„ ìˆ˜ ìžˆì„ ë“¯)
ëª‡ì¼ë™ì•ˆ íƒë°°ì‚¬ì— ìžˆì–´ë„ ë˜ë‚˜ìš”?
ì°¨ë¼ë¦¬ ì›”ìš”ì¼ì— ë°°ì†¡í•´ì£¼ì‹œëŠ” ê²Œ ë‚˜ì„ ê²ƒ ê°™ì€ë° ì–´ë–»ê²Œ í•´ì•¼ í• ê¹Œìš”?
"
743,99,1296,ì´ê±° í˜¹ì‹œ ë¬¼ ë¶“ê³  ë Œì§€ì— ëŒë ¤ë„ ë˜ë‚˜ìš”?? ë„ì‹œë½ ìœ¼ë¡œ ë¨¹ìœ¼ë ¤ê³ í•˜ëŠ”ë°
744,99,1297,"ì˜¤ëŠ˜ ì‹êµ¬ë“¤ë¼ë¦¬ ëª¨ì—¬ì•‰ì•„ ì •ë§ ë§›ë‚˜ê²Œ ìž˜ ë¨¹ì—ˆë„¤ìš”~
ê°ì¹ ë§›ì— êµ­ë¬¼ì´ ë„ˆë¬´ ì¢‹ì•˜ì–´ìš”~~
ìž¬êµ¬ë§¤ í• ë“¯ìš”^^"