image_id,class_id,class_img
1,1,https://image.idus.com/image/files/46a7be31ce5549588a6c9cc11d4f9336_320.png
2,1,https://image.idus.com/image/files/220f1709b2c24ca997abc37c88b6b2cb_320.png
3,1,https://image.idus.com/image/files/ffe1fb7781834b86a961783c75a671a9_320.png
4,1,https://image.idus.com/image/files/07beb5c52fc34c0ab5a47da164225868_320.png
5,1,https://image.idus.com/image/files/24d707435fbf427ab0a6478a4a5e1a6a_320.jpg
6,1,https://image.idus.com/image/files/c80e194d6c184fba9101b9db9355baf9_320.png
7,1,https://image.idus.com/image/files/31b4682ef21a41428c203a2252b86ccb_320.png
8,1,https://image.idus.com/image/files/0eb64cd9343547298b6f815ac428b778_320.png
9,1,https://image.idus.com/image/files/2adff0fd6e3f4aa5acf56d1257805ff3_320.png
10,2,https://image.idus.com/image/files/7497cacadd7b41fa9a724d432c0644dc_320.png
11,2,https://image.idus.com/image/files/ed69511f187b4782ba563dc4847603ca_320.png
12,2,https://image.idus.com/image/files/3d4cc6c9798140a3b1361f243545b6f6_320.jpg
13,2,https://image.idus.com/image/files/dd910166971d464a9fa4c97667a613ff_320.png
14,2,https://image.idus.com/image/files/8d5ad9b722794d0285461ecab8e1f543_320.png
15,2,https://image.idus.com/image/files/b0daddaa16654977b466971a84a18aa0_320.jpg
16,2,https://image.idus.com/image/files/02e10ca26f7d47c5aae64495d37c8714_320.png
17,2,https://image.idus.com/image/files/f8e71c4912094d8a98b50e57ee0f7632_320.png
18,2,https://image.idus.com/image/files/012f4500d3c7408b9bb4db1a700a1ee8_320.png
19,3,https://image.idus.com/image/files/e47cc32879234f37bfb6b94b49688b56_320.png
20,3,https://image.idus.com/image/files/cac50daf450a487ea9af7dca08a5bee5_320.png
21,3,https://image.idus.com/image/files/e9279dd9f6244ef2949467094a40057c_320.png
22,3,https://image.idus.com/image/files/201950307e8c48018300b82ff213454b_320.png
23,4,https://image.idus.com/image/files/b3ce88dc08574b8c8934631914c513b9_320.jpg
24,4,https://image.idus.com/image/files/be187e705f514d579db2c660bf8d1ed4_320.jpg
25,5,https://image.idus.com/image/files/892a4f481acf4aab9a065d5aaf665626_320.png
26,5,https://image.idus.com/image/files/dfd389b8eaa245d2bad94fde7b44a039_320.png
27,5,https://image.idus.com/image/files/8119e041437f4d1f9512fa0bf6fa0896_320.png
28,5,https://image.idus.com/image/files/642f8c39bdfd4e709fd6c7bda3d68705_320.png
29,5,https://image.idus.com/image/files/022fbf1f8a4c4f84b390fe7a21a4d776_320.png
30,6,https://image.idus.com/image/files/68e277d3ba1b4f3ba42a22a4b6596e66_320.png
31,6,https://image.idus.com/image/files/1debde38a80b4208b1ffdf492bbf8baf_320.png
32,6,https://image.idus.com/image/files/d92e348b9ba246b68a10ce265faf5724_320.png
33,6,https://image.idus.com/image/files/151beec67d524b57a5d695b5e67e68ef_320.png
34,6,https://image.idus.com/image/files/de69147a47be4bbbadc2b7e0ea0ef7ad_320.png
35,6,https://image.idus.com/image/files/c3c72c3a09db44ec8ec2a4b075936064_320.png
36,6,https://image.idus.com/image/files/f4ee375f163d47bbac88528bbd3b4500_320.png
37,6,https://image.idus.com/image/files/7b1a1ef036534680b56d4aa0d5e7e955_320.png
38,6,https://image.idus.com/image/files/b0409b00f22649aa855e6b1b471c596f_320.png
39,7,https://image.idus.com/image/files/29d9aa5ce8ca4b8b937d64f0592f250e_320.jpg
40,7,https://image.idus.com/image/files/0f19fd18966e4959a3dea7e555cf0fdb_320.jpg
41,7,https://image.idus.com/image/files/ee5cea0af5a945bdb9fc0048c935f7a6_320.jpg
42,8,https://image.idus.com/image/files/b8b3c6f7bb90481e9144f207f28a6001_320.jpg
43,8,https://image.idus.com/image/files/b863cdaee2c842869a35d7e517351957_320.jpg
44,8,https://image.idus.com/image/files/9afdd889c3314089ba58119e7cb103fe_320.jpg
45,8,https://image.idus.com/image/files/c26330c07588414a86aa4c8c59d048e4_320.jpg
46,8,https://image.idus.com/image/files/731e0f4c8a3c4975a37a1ec6a9165114_320.jpg
47,8,https://image.idus.com/image/files/9ee1d69225af498d94d3436c47535f48_320.jpg
48,9,https://image.idus.com/image/files/5b530efa09144b979e68a2fc7b635bb4_320.png
49,10,https://image.idus.com/image/files/1823e371cf644c80a893b2b2b031f1f8_320.jpg
50,10,https://image.idus.com/image/files/3c7271c6864f46a8abbf04e7065d0be1_320.jpg
51,10,https://image.idus.com/image/files/b4b608c9da8a42d59c38a60423cd4d24_320.png
52,10,https://image.idus.com/image/files/5a3c049fcd8f4199b3803ad291c27d02_320.png
53,10,https://image.idus.com/image/files/352984a1ebd5452f96342ce292740f3e_320.png
54,10,https://image.idus.com/image/files/267a8b32ca594cee97267ad0487f1517_320.png
55,10,https://image.idus.com/image/files/240a1f9b60a94ce882678383e684f2c1_320.png
56,10,https://image.idus.com/image/files/e17579609f82496bac40b5f315520eab_320.jpg
57,11,https://image.idus.com/image/files/31844f7111ae47c6805e6f8439e5e188_320.jpg
58,11,https://image.idus.com/image/files/6dc9c4152da4466c96c938fb0154da0f_320.jpg
59,11,https://image.idus.com/image/files/b22e56d7770c447a91b84a1de339ff2f_320.png
60,11,https://image.idus.com/image/files/d646733c5207418b8b3e1581353ce53a_320.png
61,11,https://image.idus.com/image/files/c3c130871d9c44a6b1739636ec78a7f0_320.jpg
62,11,https://image.idus.com/image/files/15b9c2e177294345a419dee43c2d0ede_320.png
63,11,https://image.idus.com/image/files/45e6f1f84a304776ac550fadf20efac9_320.jpg
64,11,https://image.idus.com/image/files/bbe6f81a552241a199fd85d65bdf417e_320.png
65,12,https://image.idus.com/image/files/c7900b362d2249598ff74373bffb5dd9_320.png
66,12,https://image.idus.com/image/files/5e356a4e8e204eb5bf3da7b6a824d94f_320.png
67,12,https://image.idus.com/image/files/4859ddfde5094059a84457e30ed5da0a_320.png
68,13,https://image.idus.com/image/files/b3b72b2e0cc24705a3f844a87508c512_320.png
69,13,https://image.idus.com/image/files/b03305cb73c640d69b0948dda74cff24_320.png
70,13,https://image.idus.com/image/files/788ceb1903624d92a9218e139e44cb5a_320.png
71,13,https://image.idus.com/image/files/f8aa69996b5d44a48ab5c542f0c6a07e_320.png
72,13,https://image.idus.com/image/files/f9b05556d632435492ea0efcaaebf202_320.png
73,13,https://image.idus.com/image/files/eec8c05237b948b88765e0d15c1efe7e_320.png
74,13,https://image.idus.com/image/files/c89ec0ecfaad462a812953b70f36159e_320.png
75,14,https://image.idus.com/image/files/7ac03e66248a441da74741d7eb181e44_320.png
76,15,https://image.idus.com/image/files/f4f9dd46b24743d1b131b746c1e39916_320.png
77,15,https://image.idus.com/image/files/ce82cd5557784065a71603afee9b8eeb_320.png
78,15,https://image.idus.com/image/files/270b54dd2111407591fe5a00b5c15635_320.png
79,15,https://image.idus.com/image/files/a819d9eccb3f4ef483f925d1e0c2ef03_320.png
80,15,https://image.idus.com/image/files/5762c2aaa3e744c686097fbde52a2c80_320.png
81,15,https://image.idus.com/image/files/a5fb9e551b0a4bcebc7da28663eaba2c_320.png
82,15,https://image.idus.com/image/files/cd61605df7304e00b413a31be9214c0f_320.png
83,15,https://image.idus.com/image/files/989aad9cb29c49bcac20612bd67893b7_320.png
84,15,https://image.idus.com/image/files/ad46972c65c946d19328c7103c786c13_320.png
85,16,https://image.idus.com/image/files/d604b482c6de459e8efd5701579c34b9_320.png
86,16,https://image.idus.com/image/files/8fee1f4478f04f6c84ea387891f09f9c_320.png
87,16,https://image.idus.com/image/files/dfad8b25f4504124bea23f529de17a8e_320.png
88,16,https://image.idus.com/image/files/cefa43e5e5134ceb9f2ddb0b12e022fc_320.png
89,16,https://image.idus.com/image/files/e66b52a1bffa4c53b9d45689131d384f_320.png
90,16,https://image.idus.com/image/files/b73e76cc110d45d29bd682c63d066a5d_320.png
91,16,https://image.idus.com/image/files/17a4675339944a30a3133508e29c0ce3_320.png
92,16,https://image.idus.com/image/files/d5d817d5d4b0467d88ffac762df7a6f6_320.png
93,16,https://image.idus.com/image/files/66667b638eda46f3950be926673a3587_320.png
94,17,https://image.idus.com/image/files/00120ba4ad634898a1f23277ba1db213_320.png
95,17,https://image.idus.com/image/files/09cc750d29714783b4f95c766c6647c6_320.png
96,17,https://image.idus.com/image/files/2fcb16f3b76741fdbcbec30865868fb7_320.png
97,17,https://image.idus.com/image/files/4dda129305104be2bae00e1ff5955a63_320.png
98,17,https://image.idus.com/image/files/c651e3e4903047e9ab9953b20ffc26ab_320.png
99,17,https://image.idus.com/image/files/9f8c940b80494f3abdf942e7a93d4a2d_320.png
100,17,https://image.idus.com/image/files/5520c1c7fa52485a8f853651b1025e25_320.png
101,17,https://image.idus.com/image/files/f1a8a38897364a5583215e19834ddd41_320.png
102,17,https://image.idus.com/image/files/92d3ba25c8c44911b715fae792d203fe_320.png
103,18,https://image.idus.com/image/files/5d30ed60c50c41e98e9ae03860b06892_320.jpg
104,18,https://image.idus.com/image/files/023ac56d454f4c2abba2d6fe2292c14d_320.jpg
105,18,https://image.idus.com/image/files/f0156cc640b440a4b144cc17cff4ba3a_320.jpg
106,18,https://image.idus.com/image/files/9d78335560c441bab0c024cb1f374a61_320.jpg
107,18,https://image.idus.com/image/files/f3473e37bdda484f9529b93377e6291f_320.jpg
108,18,https://image.idus.com/image/files/00de5108f77c4224b1ce479a48cbb9f4_320.png
109,18,https://image.idus.com/image/files/7717b0b61d9f403c913e80f0bf1765f2_320.jpg
110,18,https://image.idus.com/image/files/799d4900277d442a99c0caa917c229d2_320.jpg
111,18,https://image.idus.com/image/files/e2f42d2b3e724a59bbb068b55b2ec74d_320.jpg
112,19,https://image.idus.com/image/files/a4a2bc10eb6f4f468705ee1d79f6dbcd_320.png
113,19,https://image.idus.com/image/files/b90c37e20c91425db90adc1e23d2eeef_320.png
114,19,https://image.idus.com/image/files/149d57fa15484c489b2d48aba6109668_320.png
115,19,https://image.idus.com/image/files/1773588545a44482a9a07536fa7980fa_320.png
116,19,https://image.idus.com/image/files/0c93410fdfc74d2282156b4b79217c25_320.png
117,19,https://image.idus.com/image/files/bf1b2c94c7f847479f37dc26b7bab20a_320.png
118,19,https://image.idus.com/image/files/114b103e02964382a8a72831cad8924b_320.jpg
119,19,https://image.idus.com/image/files/6044cf04067a40d0bcc4f50aaaa0204f_320.jpg
120,19,https://image.idus.com/image/files/69c04e66bd4d4f9b845679f640ef689d_320.png
121,20,https://image.idus.com/image/files/2af5fdaec1c542e1a4b425f6366a72a5_320.png
122,20,https://image.idus.com/image/files/927fe8faff4f4fa4bfef9deaf35c3ea8_320.png
123,20,https://image.idus.com/image/files/10a66bbd5bdb4381877a50c428272fd4_320.png
124,20,https://image.idus.com/image/files/2cd15b68f9ef42be85491bc210bd89a4_320.png
125,20,https://image.idus.com/image/files/a509209ed7254261b8b4ffc77800d412_320.png
126,20,https://image.idus.com/image/files/0b3baeacf0ed474aa2274bc8ef524633_320.png
127,20,https://image.idus.com/image/files/03602b26c37145c4bcbcadb331ffd818_320.png
128,21,https://image.idus.com/image/files/2b2c14c32d524ee98047448433a7224f_320.png
129,21,https://image.idus.com/image/files/4ee81ff40af84f0db4899237ec87a9fb_320.png
130,21,https://image.idus.com/image/files/6259060a8ffc45f2a812ae11fda19178_320.png
131,22,https://image.idus.com/image/files/47e10d1c9c0245a6a339044287629309_320.png
132,22,https://image.idus.com/image/files/f3d7d93c863d4e3297cdf02d2b2c5d9f_320.png
133,22,https://image.idus.com/image/files/502c49de3fd24dd8b91e63216a892323_320.png
134,22,https://image.idus.com/image/files/2cac0a470c024d849d6cf2b76cad32e6_320.png
135,22,https://image.idus.com/image/files/a29a33d2a8364ae8b70d606bef734f69_320.png
136,22,https://image.idus.com/image/files/92e9e8cbaa644079bbe4f92e50f368f4_320.png
137,22,https://image.idus.com/image/files/31c5a219a5524f54bf470f89109462d4_320.jpg
138,22,https://image.idus.com/image/files/56a1ce3d70e84b27aa534138bdb83baa_320.jpg
139,22,https://image.idus.com/image/files/e0f7432dbd3949348e5ea6205c8eeaa3_320.png
140,23,https://image.idus.com/image/files/9c2b2b5211b748d999263986c69acae3_320.jpg
141,23,https://image.idus.com/image/files/3b223e4d9ce44dddacd19c9880b75489_320.jpg
142,23,https://image.idus.com/image/files/83deec47061a47ce9d7a47b78c39490c_320.png
143,23,https://image.idus.com/image/files/8e9552343da04243af39306b06420afa_320.jpg
144,23,https://image.idus.com/image/files/43d6a9e69d02423292f20e6b2777d368_320.png
145,24,https://image.idus.com/image/files/3a8aa60d11e047108fe457ef4ce80ab4_320.png
146,24,https://image.idus.com/image/files/beccdc85164c4e80be946c2738563a23_320.png
147,24,https://image.idus.com/image/files/41f3b911ad164a68b0f576aad851e5a1_320.png
148,25,https://image.idus.com/image/files/0906726b839142328fa58753c52cce6e_320.jpg
149,25,https://image.idus.com/image/files/47b92858a219461092a03915599c8051_320.jpg
150,25,https://image.idus.com/image/files/c6a60b38f75c4ea2b9363209694fab64_320.jpg
151,25,https://image.idus.com/image/files/84ca145754e84400aea2b88c0d8b5521_320.jpg
152,25,https://image.idus.com/image/files/ca6d125934a44587a6bd1d4050669f24_320.jpg
153,26,https://image.idus.com/image/files/49368f0d2cd7428da083c55823dc3840_320.png
154,26,https://image.idus.com/image/files/f45bbca4ffdd4f29a82fb5b2a12fcd5b_320.png
155,27,https://image.idus.com/image/files/53dee4aaa40845e0b410f514f9d950b0_320.jpg
156,27,https://image.idus.com/image/files/baef20d6ea2d4925ba43692e57d094b7_320.jpg
157,27,https://image.idus.com/image/files/8bf01b10e7104678be70313b17717510_320.jpg
158,27,https://image.idus.com/image/files/7819e8dc1e7940c08800a558313fa26f_320.jpg
159,27,https://image.idus.com/image/files/ee28ecf218964ea5baf505515581dd71_320.jpg
160,27,https://image.idus.com/image/files/9d9fd941e0eb47baa7a0cabb5f8e8c01_320.jpg
161,28,https://image.idus.com/image/files/f487a3a90da440de938f39b2d1d468ca_320.png
162,28,https://image.idus.com/image/files/56a9c78448414d2681286fb10615f5b8_320.png
163,28,https://image.idus.com/image/files/8c1c48dc2db14b59aea83f1778afdf17_320.png
164,28,https://image.idus.com/image/files/0d013f7b3be84fbc91c488f7da0d606e_320.png
165,28,https://image.idus.com/image/files/bb7052535b92495abbbd93bf69572a01_320.png
166,28,https://image.idus.com/image/files/b6801e7bdba14de68f8a1c95750ad509_320.png
167,28,https://image.idus.com/image/files/585686129b13400394522bccffe1227a_320.png
168,28,https://image.idus.com/image/files/ad7cba8a0e68487d972336728da7e32d_320.png
169,29,https://image.idus.com/image/files/cae78d5eed3e44aca47d61858ec41785_320.jpg
170,29,https://image.idus.com/image/files/f5bbf33fb0c848f88d9927a456c0a0e5_320.jpg
171,29,https://image.idus.com/image/files/df4a93878e4842f5947b3d24a3eee6d6_320.jpg
172,29,https://image.idus.com/image/files/3350fb5e25354a31ac7e501ffca85129_320.png
173,30,https://image.idus.com/image/files/17d43d72cd714c598a28b33fa1e78f82_320.png
174,30,https://image.idus.com/image/files/e4ccf1100d5d4ee4b8e238cae0e5e8e9_320.png
175,30,https://image.idus.com/image/files/759108994f1a402e8d8b0f772e4bee2b_320.png
176,30,https://image.idus.com/image/files/8ddfbc19d4634159bd73e2bf4914151e_320.png
177,30,https://image.idus.com/image/files/efc0d5714d8f48d58dea6bc23bf0297e_320.png
178,30,https://image.idus.com/image/files/575befd6f9be48f895ede9fa00df09f8_320.png
179,30,https://image.idus.com/image/files/e59245b063e2466fa8effb096e662a88_320.png
180,30,https://image.idus.com/image/files/0e4bccc926eb42cca3fc2b1f36c7ee97_320.png
181,31,https://image.idus.com/image/files/6ac2ff1ceb1a474e8fa550c90a6f8e2f_320.png
182,31,https://image.idus.com/image/files/aabe63453d654c5f95c38aa0348d36cf_320.png
183,31,https://image.idus.com/image/files/b10e68ef33c047c7a4a6fee05d342178_320.png
184,31,https://image.idus.com/image/files/111dc0462b8148d3a3bcb04a76ac6922_320.png
185,31,https://image.idus.com/image/files/7240e884386a40e7b0547ea0a9f30bd0_320.png
186,31,https://image.idus.com/image/files/c1445195a8014efbaea852d67a36efa6_320.png
187,31,https://image.idus.com/image/files/90bd91a2fa604d0e9bc6530ea6132bba_320.png
188,32,https://image.idus.com/image/files/5d1c32ebb7e14571a2412ad4a0ad0587_320.png
189,32,https://image.idus.com/image/files/3645e38c6262464ba5b5875393fc248c_320.png
190,32,https://image.idus.com/image/files/cd48d0bd018d4ffcb2ba9fd34e21b8c1_320.png
191,32,https://image.idus.com/image/files/4d73e57dab66491a82da7b8c0aea6d15_320.png
192,32,https://image.idus.com/image/files/dbd6c9d41f5743dfbf09927a0af58df9_320.png
193,32,https://image.idus.com/image/files/3aca07511fec4873b828f455ed3cc018_320.png
194,32,https://image.idus.com/image/files/dc4eba9f3602457c8375f136b6a4d221_320.png
195,33,https://image.idus.com/image/files/fbabd2a7b0c64b329aac0c2cd464687e_320.png
196,33,https://image.idus.com/image/files/39e0f25fbf9d4d128dd530ee742e11f8_320.png
197,33,https://image.idus.com/image/files/bf44ea5244f94681b7be3fcdb96cdb40_320.jpg
198,33,https://image.idus.com/image/files/5e14ca0177ff4562ad7f602eeb3175fe_320.jpg
199,33,https://image.idus.com/image/files/3f380193ee93431295515b678e743e67_320.png
200,33,https://image.idus.com/image/files/9e84f3edcb0c436f923bc998c0bfbe7b_320.png
201,33,https://image.idus.com/image/files/4b30623ed9554b6192b9e04be816aa24_320.png
202,33,https://image.idus.com/image/files/3b8025ab1f2e48aabdacb8ee321a8cca_320.png
203,33,https://image.idus.com/image/files/1f8a065dc42844a19a0193d68213fd53_320.png
204,34,https://image.idus.com/image/files/11e1c2a064514d68be7829fb9439aadf_320.jpg
205,34,https://image.idus.com/image/files/d4de9f08cb814208b8f68e6ccbebd68c_320.jpg
206,34,https://image.idus.com/image/files/8f3b8f1845794b13853a9435bfe151f8_320.png
207,35,https://image.idus.com/image/files/2b773e1bf4864622839352e1bd41464e_320.jpg
208,35,https://image.idus.com/image/files/6338df3da03449b6b7c2449210c09683_320.jpg
209,35,https://image.idus.com/image/files/9a722a1af458421d85548bd379234ddd_320.jpg
210,35,https://image.idus.com/image/files/74376d6848674b8dba81693dc21859f4_320.png
211,35,https://image.idus.com/image/files/832594f6cf0644f7a92a1c9bd2d350e9_320.png
212,35,https://image.idus.com/image/files/45eb4e3909e8426f90126e1e96e2c659_320.png
213,35,https://image.idus.com/image/files/3477278f2c8a4180970ffd6244cf4518_320.jpg
214,35,https://image.idus.com/image/files/fe11f1c967e145b9bf15e167ab0af95a_320.png
215,35,https://image.idus.com/image/files/1876dbded1304c28b19f3ae92fb5d87c_320.png
216,36,https://image.idus.com/image/files/e4e320d02f9a4de0a22928a5a8f8319d_320.png
217,36,https://image.idus.com/image/files/692f326ef86a4806b59e486476120b7b_320.png
218,36,https://image.idus.com/image/files/756869921f1d424bb0142b1ce7b284b0_320.png
219,36,https://image.idus.com/image/files/e86822d997364a8a9fe56969c90f5777_320.png
220,36,https://image.idus.com/image/files/c901411e151d4cea84881a68a65f97e5_320.png
221,37,https://image.idus.com/image/files/c278063a2d764b2c9ec4eb565f21037b_320.png
222,37,https://image.idus.com/image/files/099a1828a42e4465985d5882a8a2297a_320.jpg
223,37,https://image.idus.com/image/files/93b395be7b5e41548b5907d82d66715b_320.jpg
224,37,https://image.idus.com/image/files/79ace3807cc94e42a20b0503ad49257e_320.jpg
225,37,https://image.idus.com/image/files/5b9c7411785e4ea7b3c7bdc5ce8131d1_320.jpg
226,37,https://image.idus.com/image/files/dc388f087f4e40c5b52aa043e03cd410_320.jpg
227,38,https://image.idus.com/image/files/e63b1b9b03ef45bbae905af82100705e_320.jpg
228,38,https://image.idus.com/image/files/78c24de2980d4ea393242f2fcd48f620_320.jpg
229,38,https://image.idus.com/image/files/b906ff3d86ed4c6da4277a3cfd0d8f75_320.jpg
230,38,https://image.idus.com/image/files/b75d7d9428f34332b1aae39a90b3630b_320.jpg
231,38,https://image.idus.com/image/files/6c23361af397497f8a94f72342954b55_320.jpg
232,38,https://image.idus.com/image/files/cb763f36aa674660acad6124dc784053_320.jpg
233,38,https://image.idus.com/image/files/120418a1adb547eda89e61a50388ec3d_320.jpg
234,39,https://image.idus.com/image/files/e4356a2976844192ae8af887822b6fe3_320.png
235,39,https://image.idus.com/image/files/9b9a12aadb4c4f139b6f70dc7cee080f_320.jpg
236,39,https://image.idus.com/image/files/c8b6a3e0e8ea49d4b918cce6d7c27aba_320.png
237,39,https://image.idus.com/image/files/f6383b6ca770483a9c8ff0c730732940_320.png
238,39,https://image.idus.com/image/files/8c77bdc0fad24464bb6c565d20ebf590_320.png
239,39,https://image.idus.com/image/files/dd0bac1b173549a59e69373cc92835cc_320.png
240,39,https://image.idus.com/image/files/eaa536fd4c6344e3b2ce6ac341bb5934_320.png
241,39,https://image.idus.com/image/files/cd4f007cf4e3405a9d4c1e4c04bc3108_320.png
242,39,https://image.idus.com/image/files/20b1f8063ccb491caf8771f57cc0a8be_320.jpg
243,40,https://image.idus.com/image/files/ff0597ea008e4c72851112d931cbbed5_320.png
244,40,https://image.idus.com/image/files/11cc9c7b821f45c9a4d14eb7959e463f_320.png
245,40,https://image.idus.com/image/files/1d3649a7613f43cea24891267c881141_320.png
246,40,https://image.idus.com/image/files/58f128bd542343bf9f8c79bcc47ac31f_320.png
247,41,https://image.idus.com/image/files/cbc629ada1184c84bba3ef2043d85340_320.png
248,41,https://image.idus.com/image/files/b80bf420f4e441078c574fc9e70f3c72_320.png
249,41,https://image.idus.com/image/files/ad07afd5cf674f35963ffd638a3accc0_320.png
250,41,https://image.idus.com/image/files/113dc791d4bf42b1a3d7d21a4a2f5d4a_320.png
251,41,https://image.idus.com/image/files/79193dfb86ca42a2ab0b25a366e7d0b9_320.png
252,41,https://image.idus.com/image/files/024e9cca7a34449b83ef6582aef3d640_320.png
253,41,https://image.idus.com/image/files/dd2fb3b8658d4187ad99a17a0440019a_320.png
254,41,https://image.idus.com/image/files/cab935ccb7724d8aa36574e577817bc5_320.png
255,42,https://image.idus.com/image/files/247f3c1e3eb549f2ad2ebcf3486cbe19_320.jpg
256,42,https://image.idus.com/image/files/5bab23a5470541598ba3b0f7bf2f3f4e_320.png
257,42,https://image.idus.com/image/files/be2ea8d713b34f06a10d2ea7d181cdfd_320.jpg
258,42,https://image.idus.com/image/files/02e80eb45bb24c3d98ec20c915a09412_320.jpg
259,42,https://image.idus.com/image/files/3f69ff55abc84ed2920714a27f8241b1_320.jpg
260,42,https://image.idus.com/image/files/6f18d2a59eee4330b40bd031227ebdb6_320.jpg
261,42,https://image.idus.com/image/files/a3dcb9923f0e4b379f49a5413bee79ab_320.jpg
262,42,https://image.idus.com/image/files/5cb11429f16645198e90614fe2789617_320.png
263,43,https://image.idus.com/image/files/f78e0faacf244070b6d24548f22dcc84_320.jpg
264,43,https://image.idus.com/image/files/08b29e6617654b129adabad3364d07c9_320.jpg
265,43,https://image.idus.com/image/files/dfe0f194fa144b3da217d9a62546c9a7_320.jpg
266,43,https://image.idus.com/image/files/bf0241c584bf46a8b2e58f68aca8b063_320.jpg
267,43,https://image.idus.com/image/files/1c13ab15984243098d7fe7e29f12fb4f_320.jpg
268,44,https://image.idus.com/image/files/26fa9a22768b4d19aa2a01c7b5e4f0fc_320.jpg
269,44,https://image.idus.com/image/files/2d5555fafee044c68f92b6e962bc2278_320.png
270,44,https://image.idus.com/image/files/6f2bfe92ee704c80bada1d419ea9a26a_320.jpg
271,44,https://image.idus.com/image/files/1d4df509f3744c95b9d706a3083c9a1c_320.jpg
272,44,https://image.idus.com/image/files/76bfa90258aa414f8d4e7410b802734e_320.png
273,45,https://image.idus.com/image/files/99855bab51fc487f811b09ddbda72e21_320.png
274,45,https://image.idus.com/image/files/6480804657a44c1fbc05acb9fa2aedb6_320.png
275,45,https://image.idus.com/image/files/7effd7f3b55c4bacac90b59101f447a5_320.jpg
276,45,https://image.idus.com/image/files/ab0412eb554049abac29c98c187b11e3_320.png
277,45,https://image.idus.com/image/files/0a7e957fb54c48a288e363b58084ded2_320.png
278,45,https://image.idus.com/image/files/857dd82929d244d6827ed997bb9a89f9_320.jpg
279,45,https://image.idus.com/image/files/ed37be1d04374749b26cd635f88e086d_320.jpg
280,45,https://image.idus.com/image/files/54efa2cce80b4fa2bcc6b45b605c55a4_320.png
281,45,https://image.idus.com/image/files/72044cd4d2294c3f9186c77e1af6fbb7_320.png
282,46,https://image.idus.com/image/files/61a1bf41bfa645d8baed67f3887fe56b_320.png
283,46,https://image.idus.com/image/files/911f4be19be74329a3f42e084fd14fd1_320.png
284,46,https://image.idus.com/image/files/2b1a4170c9154349971b01a7f2c82e05_320.png
285,46,https://image.idus.com/image/files/5aa4c12afe3f452cab27fdd67dd8cefb_320.png
286,47,https://image.idus.com/image/files/345176fe111b474a89fe1bf74f0dffa7_320.png
287,47,https://image.idus.com/image/files/a4218c061e344d92b9ffe986e0236bc1_320.png
288,47,https://image.idus.com/image/files/b0b2b5cbc3494391a7b4102ceffab522_320.png
289,47,https://image.idus.com/image/files/96add5cc271d43098f4923fe5e90bafa_320.png
290,47,https://image.idus.com/image/files/2f01ec350a8541efa29396fede23e3a4_320.png
291,47,https://image.idus.com/image/files/b5903ca6e28b42639702095fd61dd8eb_320.png
292,48,https://image.idus.com/image/files/f08e8086ef6b4255aef365ee163d23dd_320.jpg
293,48,https://image.idus.com/image/files/99d96eeb55734f489bd33d6750013853_320.jpg
294,48,https://image.idus.com/image/files/2de5382837484437a97911131d5086f0_320.jpg
295,48,https://image.idus.com/image/files/55424b61b91a41708d5083e8279be377_320.jpg
296,48,https://image.idus.com/image/files/abfbf15275974febb9ce137a2c5bb69a_320.jpg
297,48,https://image.idus.com/image/files/f2f0b0c6bc344f1dbe8919bf19b8230c_320.jpg
298,48,https://image.idus.com/image/files/48bdcd07f7d2415eac34a67e3ff80e6b_320.jpg
299,48,https://image.idus.com/image/files/2fb06adda7a94c708bcdf6a0ab5a3192_320.jpg
300,48,https://image.idus.com/image/files/8f10b499a9684b9a9ef95fb391c86958_320.jpg
301,49,https://image.idus.com/image/files/87769a3ae9e84425a51a79636aaf49bd_320.jpg
302,49,https://image.idus.com/image/files/43f7102e66cc44ad96cd4296f628f05a_320.jpg
303,50,https://image.idus.com/image/files/8aa4c7bc92da4a5cbe3ef931f603ae85_320.jpg
304,50,https://image.idus.com/image/files/f553b14989b943f487b94db547882de4_320.jpg
305,50,https://image.idus.com/image/files/e7bbada138bd4956a41ec69e0408fb28_320.jpg
306,50,https://image.idus.com/image/files/f2acd7a90b3649fc8148ae55377c35f5_320.jpg
307,50,https://image.idus.com/image/files/27490f8c7b31451fa516be31d3e23c94_320.png
308,50,https://image.idus.com/image/files/80eb75696f6c47e7965c6a662dffd96c_320.jpg
309,50,https://image.idus.com/image/files/2d435b241f934708a735dd19613abe88_320.jpg
310,50,https://image.idus.com/image/files/f5b5a44652cd45dbb295c68fe81cbb47_320.png
311,51,https://image.idus.com/image/files/9e9d0a5a372f479f9285bb53a99df8ef_320.jpg
312,51,https://image.idus.com/image/files/2efea6886bf647c8aa45531c7d968143_320.png
313,51,https://image.idus.com/image/files/4a20f8bfb80344d4813fecf45a880703_320.png
314,51,https://image.idus.com/image/files/9b1212eb85c44658b68c94c51b1b68f7_320.png
315,51,https://image.idus.com/image/files/65bcf904e2934bcca62dda3f4f225e19_320.jpg
316,51,https://image.idus.com/image/files/07830b26ea4c4d17972c2f32c8695660_320.png
317,52,https://image.idus.com/image/files/d88cfe20d73c4ed6bcfdde2e26e5867b_320.png
318,52,https://image.idus.com/image/files/bdc1652df6824520980522fa472bc4b1_320.jpg
319,53,https://image.idus.com/image/files/0ec77bec392e4cd09b22d02bd6909c6e_320.png
320,53,https://image.idus.com/image/files/36cd3cc24e1b4ba5ac989f8360b7878d_320.png
321,53,https://image.idus.com/image/files/b4c20886992e42299d5dac7668125bdf_320.png
322,54,https://image.idus.com/image/files/2a48d3eb2ed4431fbf48f4b741d1ef17_320.png
323,54,https://image.idus.com/image/files/273b75abf2a64805b98ad80bb85ea903_320.png
324,54,https://image.idus.com/image/files/28f3e16fc42448739660f18b274ca858_320.png
325,54,https://image.idus.com/image/files/27918d4e9d904b28a907d2b89f5737b7_320.png
326,54,https://image.idus.com/image/files/069f3636ec314e238a30664d4cc5f8a4_320.png
327,54,https://image.idus.com/image/files/5711e0df94e24c75b321c87aa0f869ba_320.png
328,54,https://image.idus.com/image/files/7b1b64661eb749d3bdcc4b25636dbd2f_320.png
329,55,https://image.idus.com/image/files/3afef03127534b82b5bff441260d9a4d_320.png
330,55,https://image.idus.com/image/files/0d0b93d72bea4a8f918b294cd173ed5a_320.png
331,55,https://image.idus.com/image/files/6d6b048e93e64674a8d7155d71d237d8_320.png
332,55,https://image.idus.com/image/files/fdacc758ee524ce4a5331b7e02887a76_320.png
333,55,https://image.idus.com/image/files/9c6828bb0105482da80eb06acffb0c39_320.png
334,56,https://image.idus.com/image/files/d2a40a9fe4ce450683098807f2113944_320.png
335,56,https://image.idus.com/image/files/38d79c0ff7eb4cf6a89a5a1dc8c5ca95_320.png
336,56,https://image.idus.com/image/files/8552dc896e62482e9aa6f01b10924342_320.png
337,56,https://image.idus.com/image/files/dbecb0cc24ca4930bbf312286bc53b74_320.png
338,56,https://image.idus.com/image/files/6edac9c38c83455194ad22f9f64e17b4_320.png
339,56,https://image.idus.com/image/files/563295e3af564f39b4d664a3f6b9ad62_320.png
340,56,https://image.idus.com/image/files/3cb8fa6514734a799c58d4af7e423e63_320.png
341,56,https://image.idus.com/image/files/b6ff737d841c40178bf032f43696bca1_320.png
342,56,https://image.idus.com/image/files/f65b583daf9f4bc497e2af1331905a1b_320.png
343,57,https://image.idus.com/image/files/03e605bafcb445e5925f5ccb9a756f19_320.jpg
344,57,https://image.idus.com/image/files/7b4c5e17ddba4dfbab679678954f6625_320.jpg
345,57,https://image.idus.com/image/files/37bcdc44cd014ed7a57704483f0c4ca3_320.jpg
346,57,https://image.idus.com/image/files/181b658a66b24834b20aa2404723b02c_320.jpg
347,57,https://image.idus.com/image/files/e1091444aaab4bd08e8893eebf77f9cd_320.jpg
348,57,https://image.idus.com/image/files/1ac2a6d107fb4e60b6ab1f6c9e781961_320.jpg
349,58,https://image.idus.com/image/files/10e7cfd251674f61a1c6857d6d5b2998_320.png
350,58,https://image.idus.com/image/files/9e48c7383e2245d7a7a0ff53ab21fd4a_320.png
351,58,https://image.idus.com/image/files/843ed39954c940d781e4c2da0961f8b2_320.png
352,58,https://image.idus.com/image/files/14c22b7968c64c8c8df8ea0569799054_320.png
353,58,https://image.idus.com/image/files/370b0f4de6394c37a8b233d06a835e89_320.png
354,58,https://image.idus.com/image/files/5834989459424d409a5a1a23eb760467_320.png
355,58,https://image.idus.com/image/files/c9af7ac09a2d479d9a405eb81dbb6c12_320.png
356,58,https://image.idus.com/image/files/6451bf032da54ec184731ee985592f22_320.png
357,58,https://image.idus.com/image/files/40d666ec9d8346c6b39b23ea4cdb7a32_320.png
358,59,https://image.idus.com/image/files/9b75794b7b1f4755a1a4cea459c998ff_320.png
359,59,https://image.idus.com/image/files/aa692631f551424193869dbd46dd0a77_320.png
360,59,https://image.idus.com/image/files/032d07bd1eba46c9888195641aa6dfcd_320.jpg
361,59,https://image.idus.com/image/files/ec02f990d82e4a77b3b5d1862fb7d142_320.jpg
362,59,https://image.idus.com/image/files/47ed9c6ee9d34ed9b4fc4a178a69794c_320.png
363,59,https://image.idus.com/image/files/86bfe7fb3683452d9db24e8619472dfe_320.jpg
364,59,https://image.idus.com/image/files/8ab041f2d1be4de4964ea976a5e7a915_320.png
365,59,https://image.idus.com/image/files/61dfebcfba1e44dfaedb03c1db4c3e2a_320.jpg
366,59,https://image.idus.com/image/files/d529897f65fc4e789dddb36057bd3e2b_320.png
367,60,https://image.idus.com/image/files/37bfa7031922428b856152c7000cfeb5_320.jpg
368,60,https://image.idus.com/image/files/f2f15ac0d22041ecad6a7a061979618b_320.png
369,60,https://image.idus.com/image/files/9064366067db40339077e834133b9969_320.jpg
370,60,https://image.idus.com/image/files/85c46fee2a314828bbde48bc2b9ae35f_320.png
371,60,https://image.idus.com/image/files/301d27bcff2e43bea7f1d0bc8586bd3d_320.png
372,60,https://image.idus.com/image/files/75bfcaef07504378bf404e91994b321d_320.png
373,60,https://image.idus.com/image/files/1d9c671f3dd543f1a91f79bfaa052faf_320.png
374,60,https://image.idus.com/image/files/a5caad534f3146abb76573705c8c902f_320.jpg
375,60,https://image.idus.com/image/files/b276864b97444acabf53efbbac2e525d_320.png
376,61,https://image.idus.com/image/files/9c0b85fceeb1494e8772ca9f04088990_320.jpg
377,61,https://image.idus.com/image/files/6dfef5dd33be498d853c0d2a7913d22e_320.jpg
378,61,https://image.idus.com/image/files/c8eba60af0084e4e8efde5a42bfa937d_320.jpg
379,61,https://image.idus.com/image/files/5f8d33ddc10b494c8c839f19c5aafd1a_320.jpg
380,61,https://image.idus.com/image/files/b22c238673ce463bbe3c6af1b7f13e26_320.jpg
381,61,https://image.idus.com/image/files/511a54a5065d48e69dc869234320446c_320.jpg
382,61,https://image.idus.com/image/files/c7adcc3cf65c4143bdda0d5381301a82_320.jpg
383,61,https://image.idus.com/image/files/ec22e7addbf24ba59487f864ade5cb5a_320.jpg
384,61,https://image.idus.com/image/files/9f652a19a7a94d20855f7cd55681c830_320.jpg
385,62,https://image.idus.com/image/files/7360ac85358c42308f16c87d2788a9cc_320.png
386,62,https://image.idus.com/image/files/c28297e5e2c14bc794f6b16a8e2efd42_320.png
387,62,https://image.idus.com/image/files/f051925906f34c55a05c7675cb7b9105_320.png
388,62,https://image.idus.com/image/files/7f0b4478cc2f4edba5ebb13f5bc8bf7a_320.png
389,63,https://image.idus.com/image/files/8898cc49b5b24db1a52c009d00bb966d_320.png
390,63,https://image.idus.com/image/files/5d98f045895a4c8dbd870a9681783481_320.png
391,63,https://image.idus.com/image/files/3dadc1431e5543d992cefef03a2dda5a_320.png
392,63,https://image.idus.com/image/files/cb3ac10f2afd44059d7f416a2ae5f578_320.png
393,63,https://image.idus.com/image/files/a15a7180318745d29f3ef1a8958a99ac_320.png
394,63,https://image.idus.com/image/files/83afc7cac6ea48dd9e54b46bc9b090c6_320.png
395,64,https://image.idus.com/image/files/d826c81234314f1cacf383ed1404da18_320.png
396,64,https://image.idus.com/image/files/9ea7bf2660c34ab1b5111e429ca7e01d_320.png
397,64,https://image.idus.com/image/files/a15cfc1186784c3bbd9c4f35f8373501_320.png
398,64,https://image.idus.com/image/files/bc5dfd6e63ef478ca13164f583ba6508_320.png
399,64,https://image.idus.com/image/files/b91aa87a4e9f4c23a06b300973bb2c18_320.png
400,65,https://image.idus.com/image/files/a21cf8f39da344308ee1ce23032d4ad0_320.jpg
401,65,https://image.idus.com/image/files/483cc224728d454997b71a59ed1965b1_320.jpg
402,65,https://image.idus.com/image/files/9cbeada871754be7b4cc04acf6a477bc_320.png
403,66,https://image.idus.com/image/files/1563cf73b70e49b3afa4c236d80eda25_320.png
404,66,https://image.idus.com/image/files/6e9a7ff37a63494f93dd4ece3fe17d12_320.png
405,66,https://image.idus.com/image/files/7c71478fb52649e8ad2c254cf75c5de9_320.png
406,66,https://image.idus.com/image/files/381a8dbab3c24c1e81e16ed85901fb44_320.png
407,66,https://image.idus.com/image/files/de91996dcb6548e485ea14fc6ac53eaa_320.png
408,67,https://image.idus.com/image/files/1abb31d73ada4b4d825df908913a8cad_320.png
409,67,https://image.idus.com/image/files/3da967346702405880718a56c44a08b9_320.png
410,67,https://image.idus.com/image/files/02ddff78549544f9a64aa5f1674bc247_320.png
411,67,https://image.idus.com/image/files/16f75eac1be04f938760d6619fc235aa_320.png
412,67,https://image.idus.com/image/files/200f5c24e9ea46c0b25ec8eb386e4c17_320.png
413,67,https://image.idus.com/image/files/2e34bb84e2fc47f19295ab3c8c493050_320.png
414,67,https://image.idus.com/image/files/0784bb3370d14e73bbfddb8dafcf7d8d_320.png
415,68,https://image.idus.com/image/files/d430741cf17a436e9f36a41bf7b0c14f_320.png
416,68,https://image.idus.com/image/files/a494be0e8986417eaecc2f572314a1de_320.png
417,68,https://image.idus.com/image/files/92ad0039a361431ca6916f22ed5dfab3_320.png
418,68,https://image.idus.com/image/files/30f79209140747bc8d7f8e7bb01f5a9c_320.jpg
419,68,https://image.idus.com/image/files/65d61c678fc248e2bc936a494f206e61_320.png
420,68,https://image.idus.com/image/files/dd21134f011e43e2a25639f729404bcd_320.png
421,68,https://image.idus.com/image/files/68a39299b08b4f1a83acd7ff6fdca99f_320.png
422,68,https://image.idus.com/image/files/c06ecea07a134171b08acdf8baae1c58_320.png
423,69,https://image.idus.com/image/files/430767a05c074ec2bb2ef60fcc1fdf59_320.png
424,69,https://image.idus.com/image/files/cd63a466bb0345f29517ae3d7e068cfb_320.png
425,69,https://image.idus.com/image/files/6aaa2eb3c6ae4796b95164f4fca51d3e_320.png
426,69,https://image.idus.com/image/files/39c6f2d628974463b682dc90bed41c88_320.png
427,69,https://image.idus.com/image/files/df0825d5fbdf411bbe23518529c7ea32_320.jpg
428,70,https://image.idus.com/image/files/cde64ae04bc04560bf9a92001f5fddfa_320.png
429,70,https://image.idus.com/image/files/94e38f2dae9845658c789e36e521b760_320.png
430,70,https://image.idus.com/image/files/00f25876af4c4ddeb1bb7f07977a64c8_320.png
431,70,https://image.idus.com/image/files/8d95ec17fd834ec09024164e743eb0fb_320.png
432,70,https://image.idus.com/image/files/d38c0ecd69c7434d859d5cb692ed9d70_320.png
433,70,https://image.idus.com/image/files/35d08d12166a4cc19e72dfef715c1225_320.png
434,70,https://image.idus.com/image/files/9a0f51b8805c4f79b32928c960f550f9_320.png
435,70,https://image.idus.com/image/files/46295d1de8264452b698797901a474ea_320.png
436,71,https://image.idus.com/image/files/9390a516d1bf4c49909e1a2cd6034f1c_320.jpg
437,71,https://image.idus.com/image/files/06b8c8b9947243259036b41ae6f1065a_320.jpg
438,71,https://image.idus.com/image/files/96af37b65527493e9bb4bf6bbd1c82fc_320.jpg
439,71,https://image.idus.com/image/files/2ebd40d1dab14ce0b3f618616f78d52b_320.png
440,71,https://image.idus.com/image/files/537367127f7543e089798c8998b1f74f_320.png
441,72,https://image.idus.com/image/files/5d0065240cbf4dfe8449a0596e8959ab_320.jpg
442,72,https://image.idus.com/image/files/8e8915f872cb41da81fb0491eafc7ebe_320.jpg
443,72,https://image.idus.com/image/files/fa89a17b7f3643e4bbec272eba4cdce3_320.jpg
444,72,https://image.idus.com/image/files/1f33a92b0ac148ad9f2d6589a7fa7f29_320.jpg
445,72,https://image.idus.com/image/files/88294d3d2ce3498c95ee413ff402da00_320.jpg
446,72,https://image.idus.com/image/files/fb430fcb6a3c4fcab5396320c47ca42b_320.jpg
447,72,https://image.idus.com/image/files/fb31653159354da6966fa33f69e8555a_320.jpg
448,73,https://image.idus.com/image/files/a6d6b153faef43419a0f9c223bc59019_320.jpg
449,73,https://image.idus.com/image/files/6e3c02d967a1437cb365c76d2786e6b9_320.jpg
450,73,https://image.idus.com/image/files/2e56a2292c5e4fcd84865871101c1a0d_320.png
451,73,https://image.idus.com/image/files/ad015dde0ac94e4eb99a65a2b3ce6f8e_320.jpg
452,74,https://image.idus.com/image/files/e7bfa266da20420d8148b1244ac964d8_320.jpg
453,74,https://image.idus.com/image/files/e0503db22bb747b0874cea092d5cf602_320.jpg
454,74,https://image.idus.com/image/files/394115c304a8455ebb1a6b3d4f0b6720_320.png
455,74,https://image.idus.com/image/files/7c76c67c119f42fd8bb007f4feb9020f_320.jpg
456,74,https://image.idus.com/image/files/4cc6defb23054b28b78a610e3833250d_320.png
457,75,https://image.idus.com/image/files/643b534e58ef45caa018de5db6b5b0d9_320.png
458,75,https://image.idus.com/image/files/408f0e5e403741a188265c7bb8aff9b4_320.jpg
459,75,https://image.idus.com/image/files/36ca0aca565c492eb8e56e9fb071eddd_320.png
460,75,https://image.idus.com/image/files/0bc91206512144b4b700a404d12f99c9_320.jpg
461,75,https://image.idus.com/image/files/c98b2bd2768b495c94adfa252923915b_320.jpg
462,76,https://image.idus.com/image/files/573e8b82610d4e7485caad61ce6f30a8_320.png
463,76,https://image.idus.com/image/files/e34118b4468b45fcbda85ae2143e7c76_320.png
464,77,https://image.idus.com/image/files/61b6cb40eebe4dbda5f027e844af1dc4_320.jpg
465,77,https://image.idus.com/image/files/71283e5c063944f1b81207b281fbe073_320.png
466,77,https://image.idus.com/image/files/fdcf25c735314e498fed0f9d225bba0d_320.png
467,78,https://image.idus.com/image/files/f2f4e89772ca4e16ab3a156d7cdc7e24_320.jpg
468,78,https://image.idus.com/image/files/cdfcfcd6cbba4bb6be26689f854b16c2_320.jpg
469,78,https://image.idus.com/image/files/a342711d12164bccac880cff767e14cb_320.jpg
470,78,https://image.idus.com/image/files/c7e9969efaeb42d986b9903f8ccde29c_320.jpg
471,78,https://image.idus.com/image/files/40741ed6b656426d8e25d5273864bb2a_320.jpg
472,78,https://image.idus.com/image/files/4d32306fc1344c418897d012bd5432b7_320.jpg
473,78,https://image.idus.com/image/files/661104fb7fff4d11bfc8177c1209d227_320.jpg
474,78,https://image.idus.com/image/files/79c638638fb641b690708e46f3fe959c_320.jpg
475,78,https://image.idus.com/image/files/8a9d5cb1c0214f0d86baec9a1757d00f_320.jpg
476,79,https://image.idus.com/image/files/965eddccb26b4bd4901df90f8770fd5a_320.jpg
477,79,https://image.idus.com/image/files/a93f6768906e42c6be656e10373ed477_320.jpg
478,79,https://image.idus.com/image/files/5e05a463466b4a9195d9765965e80e39_320.jpg
479,79,https://image.idus.com/image/files/8a60051c22fd49c6a33e7de0a3ff2cd1_320.jpg
480,79,https://image.idus.com/image/files/e745d453d4ec4f0fab4ac78f69adbba9_320.jpg
481,80,https://image.idus.com/image/files/c17d9f8f550f4a859def09ac189c23d5_320.jpg
482,80,https://image.idus.com/image/files/99539b1f41d54af9894fc74f33711107_320.jpg
483,80,https://image.idus.com/image/files/2fe32011910c4e77b2d42d7b1b512ac8_320.jpg
484,80,https://image.idus.com/image/files/689a56a4c22f41c5a5bc2971e44a559f_320.jpg
485,80,https://image.idus.com/image/files/20a744de4ced461b9c6c4f1f3fb092a2_320.jpg
486,80,https://image.idus.com/image/files/f29f9d682d994f6a9352b80c31fa4c32_320.jpg
487,80,https://image.idus.com/image/files/89ba606ef81c4d68981b08bb068fc0f0_320.jpg
488,80,https://image.idus.com/image/files/b4db45d93e4d4fa8a0d427841e7d9f58_320.jpg
489,80,https://image.idus.com/image/files/4c6015b347f647bfa027c7b019d3512d_320.jpg
490,81,https://image.idus.com/image/files/c119f60fe89d460997a6800bcf44148f_320.png
491,81,https://image.idus.com/image/files/51548b17bdf54302b5f780f9df692768_320.jpg
492,81,https://image.idus.com/image/files/2b75855db9464c8095d94edd2bb59afa_320.jpg
493,81,https://image.idus.com/image/files/215efb9c2e1842198b92156a518b9f2d_320.jpg
494,81,https://image.idus.com/image/files/1e813aec3e1b42b8b3cc3027ccc9fed0_320.png
495,82,https://image.idus.com/image/files/00501d193200498f9e02ed138148b080_320.jpg
496,82,https://image.idus.com/image/files/10e77892c8444587b172156b84ae212e_320.jpg
497,82,https://image.idus.com/image/files/974cea09e69c423b98cccee6e142571b_320.jpg
498,82,https://image.idus.com/image/files/e070e845df704c66834f82a02edae9be_320.jpg
499,82,https://image.idus.com/image/files/ad41fc57fbb841e1aa0060b794678f3e_320.jpg
500,82,https://image.idus.com/image/files/ece0274f2a4c40e8a7a3ea247113d203_320.jpg
501,82,https://image.idus.com/image/files/4ef59f4563064e3498624f9baca53da1_320.jpg
502,82,https://image.idus.com/image/files/c0b19702047c43faa57d850da29e3e47_320.jpg
503,83,https://image.idus.com/image/files/4026fa656bb14951bd09916c36bb21f8_320.png
504,83,https://image.idus.com/image/files/963aade361de4026a757bedf086b2822_320.png
505,83,https://image.idus.com/image/files/37d708bd83324160a00efa34c8f7e012_320.png
506,84,https://image.idus.com/image/files/75f2ba950fa04c288c746f8bbcef90d9_320.png
507,84,https://image.idus.com/image/files/b305f0bc8ebd45eaa1d4fa0a94407210_320.png
508,84,https://image.idus.com/image/files/9e059086f7ed4fa799001b078b1b2bbe_320.png
509,84,https://image.idus.com/image/files/4dd092073f7c4be98af5d0cf38e13943_320.png
510,84,https://image.idus.com/image/files/23608ea10b6f47a28a56f31e1042036b_320.png
511,84,https://image.idus.com/image/files/c8ebe40782eb4f798090a948e7326df5_320.png
512,85,https://image.idus.com/image/files/3d015e7d79684f16a64109d193c99bec_320.jpg
513,85,https://image.idus.com/image/files/f47b784349584015986aba179178cddd_320.png
514,85,https://image.idus.com/image/files/4f62609009114f8b954d6f2ee903a840_320.png
515,85,https://image.idus.com/image/files/7e3f0556e3d747c19542da367e500c63_320.png
516,86,https://image.idus.com/image/files/bab5a56368cb4636bf3926b835172ea7_320.png
517,86,https://image.idus.com/image/files/7f3abee313404ed487e6abe4d211d5d4_320.png
518,86,https://image.idus.com/image/files/3e246aba9bca455d9c86bba24b36725f_320.png
519,86,https://image.idus.com/image/files/e7f0d478f12b4ef084d224c4146db032_320.png
520,86,https://image.idus.com/image/files/e3fb15f73c2145c6a2f57a273f09919c_320.png
521,86,https://image.idus.com/image/files/4f9c27d60d344bb9bd3eb6dd13cfac1a_320.png
522,86,https://image.idus.com/image/files/b94df58381f14e66ae008bdd8463c4ea_320.png
523,86,https://image.idus.com/image/files/1c26465f9c3b4d1f853a1471dccf8596_320.png
524,86,https://image.idus.com/image/files/cb899ee6f8df483d8f68ea77e474ca57_320.png
525,87,https://image.idus.com/image/files/b032ae8f8d9b4de19c0ea4282bbbb322_320.png
526,87,https://image.idus.com/image/files/6f2b9a14e07c4900bfa75fc409b8f779_320.png
527,87,https://image.idus.com/image/files/2895833256d1406894d93eaf9c79f11f_320.png
528,87,https://image.idus.com/image/files/b189e31e778d4c68bf6ffa8be0958827_320.png
529,87,https://image.idus.com/image/files/e1695edafe0343e1929690d1dd3576a4_320.png
530,87,https://image.idus.com/image/files/e24c3fc9e0194ab29417b1243eaec557_320.png
531,87,https://image.idus.com/image/files/a53a2696954e458b9ca7807c7e564e23_320.png
532,87,https://image.idus.com/image/files/cfe9c2b4319346de9c6ce7cba474c8a9_320.png
533,87,https://image.idus.com/image/files/b16a4d52b9d844b79d197589c636e123_320.png
534,88,https://image.idus.com/image/files/542e456c2a07476f92c0acb29e27f2d6_320.jpg
535,88,https://image.idus.com/image/files/bc1c4201bf0e45729ef1702dfe64ea54_320.png
536,88,https://image.idus.com/image/files/c34fd0611fb3438dbc40ef8ab3a580e9_320.png
537,88,https://image.idus.com/image/files/38f4bb77da5343bfa1d60b03c73a46dd_320.png
538,88,https://image.idus.com/image/files/fb3e9510b9634b7c8e7adb5b3a5686aa_320.png
539,88,https://image.idus.com/image/files/7c4835ec3543490d941f45c817248874_320.jpg
540,88,https://image.idus.com/image/files/a0c4a6ef8f8745199e51fdb853565c74_320.jpg
541,88,https://image.idus.com/image/files/b24fdc79a63641b88e8552f6e48e1878_320.jpg
542,89,https://image.idus.com/image/files/371066c7bffd42569f594e321568844b_320.png
543,89,https://image.idus.com/image/files/c5f5280b5a0844cc8b6e1bf9af42c099_320.png
544,89,https://image.idus.com/image/files/999b8fe974c14c3eb930c33ae927e519_320.png
545,89,https://image.idus.com/image/files/d0c669ab20994d798df14af618604d71_320.png
546,89,https://image.idus.com/image/files/edab2ca3785c49e98686218953be15d7_320.png
547,89,https://image.idus.com/image/files/772f8c08b913457c9e3397cb3e4a84ce_320.png
548,90,https://image.idus.com/image/files/4f90ff35bcc046de8eefa702bb2fcef5_320.png
549,90,https://image.idus.com/image/files/bb10adee9e3c49c09672deca832d0438_320.png
550,90,https://image.idus.com/image/files/4cfbf7dd21d04094bdddaefad908d1f8_320.png
551,90,https://image.idus.com/image/files/8788bc90b3d446e687d3257690c51b13_320.png
552,90,https://image.idus.com/image/files/d78cdffd860241a585b0846bbd79d108_320.png
553,90,https://image.idus.com/image/files/ab1bf11935c64f8498b80eec2bfe05c9_320.png
554,90,https://image.idus.com/image/files/ec9bff7d5cc246edbe2e39f22f09d242_320.png
555,90,https://image.idus.com/image/files/77a9f1109733472a9a4c8fa2bea2bec1_320.png
556,91,https://image.idus.com/image/files/5f280400d27e4c9687d0ee47f8ab459e_320.jpg
557,91,https://image.idus.com/image/files/8f18a5a9695e4e6f99d33c5ef7750319_320.jpg
558,91,https://image.idus.com/image/files/284766123da441e8b90fd400586d05c1_320.jpg
559,91,https://image.idus.com/image/files/4fa2df2fd4c549bcae9c68b9b7942398_320.jpg
560,91,https://image.idus.com/image/files/2877b9597e304e55b237ccf214d41adb_320.jpg
561,91,https://image.idus.com/image/files/563cbac5b91d4c29b94179525d6026ab_320.jpg
562,91,https://image.idus.com/image/files/9fbe6a84519e4cfb9d6752fb76ffb7ea_320.jpg
563,91,https://image.idus.com/image/files/c6940929ccba4813b91a0cfbf93d5685_320.jpg
564,91,https://image.idus.com/image/files/101c3b5a1460492c9b2936dd602f7c42_320.jpg
565,92,https://image.idus.com/image/files/c7ccc5107fb24ffb8845b25d898dd974_320.jpg
566,92,https://image.idus.com/image/files/346bc70d46664b6c92ce456da43cad90_320.jpg
567,92,https://image.idus.com/image/files/4eeaded06c084727a873d59743f18cd2_320.jpg
568,92,https://image.idus.com/image/files/f75dabde5170452fb115e09c205565a1_320.jpg
569,92,https://image.idus.com/image/files/de9b3863e3b043c18ef6f6cfcbfb3ccd_320.jpg
570,92,https://image.idus.com/image/files/62977b2c23ab46b986fb4afa8802121d_320.jpg
571,93,https://image.idus.com/image/files/fb99fbc3403a40ebae9cd2175c283396_320.png
572,93,https://image.idus.com/image/files/fca893e0252f4080843188cd6afb5637_320.jpg
573,93,https://image.idus.com/image/files/181379d3b23d4c4c962c9adf60f918db_320.jpg
574,93,https://image.idus.com/image/files/d55d58f1ec424a3e94420372ef5400e6_320.png
575,93,https://image.idus.com/image/files/5c419ce2011f47ab86dcde916a064caa_320.png
576,93,https://image.idus.com/image/files/04f8835ae985413787e7370055a780ee_320.jpg
577,93,https://image.idus.com/image/files/d5fffe44ed474bdfb9327f6bb549326c_320.png
578,93,https://image.idus.com/image/files/eca8592442774ffca5ff41b6a8b172a2_320.png
579,93,https://image.idus.com/image/files/44fcc00ae5a94af78981438a98b4a031_320.jpg
580,94,https://image.idus.com/image/files/0d4fa8795b9741ada1ec69a27db2cca7_320.jpg
581,94,https://image.idus.com/image/files/20f1c05b3700431ea7f5baeb7af29e5f_320.jpg
582,94,https://image.idus.com/image/files/ff5a4a1bfb25458bbe71471e66405346_320.jpg
583,94,https://image.idus.com/image/files/a1d486e35f4245fe811c3298b2829b04_320.jpg
584,95,https://image.idus.com/image/files/694a25959b7744e395ae176683ba9ee8_320.png
585,95,https://image.idus.com/image/files/a7c987f6e96d42cdad7026756baa0fc2_320.png
586,95,https://image.idus.com/image/files/157116e9f5d24863978c47b4f551045f_320.png
587,95,https://image.idus.com/image/files/6d0066a6013a4cc1847b1602fe9bcd21_320.png
588,95,https://image.idus.com/image/files/1e2ce9c9ddff49ba805b537c0e5bbdf2_320.png
589,95,https://image.idus.com/image/files/bc81e3b4f219483194aa601b5198bcdd_320.png
590,95,https://image.idus.com/image/files/b2c342c5d1f54f6a98178788561d3485_320.png
591,96,https://image.idus.com/image/files/41295684e52243f6ba0ef53315cdac07_320.png
592,96,https://image.idus.com/image/files/0388464af83343159deca9f50c632744_320.png
593,96,https://image.idus.com/image/files/9d998f58eae14a5bbcaa9ea082c0325c_320.png
594,96,https://image.idus.com/image/files/0a5cf9085110450f83d3e86d373fc32b_320.png
595,96,https://image.idus.com/image/files/05ff4011e4344adaad04b81aaff67143_320.png
596,96,https://image.idus.com/image/files/ff83ca25dfe741b8aa008d48162d0973_320.png
597,96,https://image.idus.com/image/files/9806944959bf49e18e4b60098de36417_320.png
598,96,https://image.idus.com/image/files/f2c3697bd79e4558abf0b8436dd62762_320.png
599,96,https://image.idus.com/image/files/85cb6448cb814731bfbdf8cb2c59eb90_320.png
600,97,https://image.idus.com/image/files/3f2d2b628a1a4e54a88f2b7dac1f02a6_320.png
601,97,https://image.idus.com/image/files/b6d3182389f4423888b7f4a5d8bc36f0_320.png
602,97,https://image.idus.com/image/files/bdcb0c3bf44b43bd814da434731d416e_320.png
603,97,https://image.idus.com/image/files/b5859a369d3d497ea8ce8d0c46dfc01e_320.png
604,97,https://image.idus.com/image/files/67fd3170f9594e23bc07b99d97dacf78_320.png
605,97,https://image.idus.com/image/files/a0c01ca110a6402b85b1b166863fc728_320.png
606,97,https://image.idus.com/image/files/ca258f73db824b4d8d1fc152b8aa24ff_320.png
607,97,https://image.idus.com/image/files/e830aef1756247a59b725afffce444a0_320.png
608,97,https://image.idus.com/image/files/41c4266ff2b74468ae13684553275f05_320.jpg
609,98,https://image.idus.com/image/files/3294e73c7f5c41919c8a47b31ac103d8_320.jpg
610,98,https://image.idus.com/image/files/565bd8f67e454b8182ab9a00394f86c4_320.png
611,98,https://image.idus.com/image/files/64e099caad6f48cb8d081e18ce8984ea_320.jpg
612,98,https://image.idus.com/image/files/57589c6a36774177ae87a3ad23cea3f2_320.png
613,98,https://image.idus.com/image/files/06df6b105e1447a488736814f3a2d2a9_320.png
614,98,https://image.idus.com/image/files/d49ab7a597494ed4a2c0997b740c7961_320.png
615,98,https://image.idus.com/image/files/8e211af0cd944aefbf891cb362eb6257_320.png
616,98,https://image.idus.com/image/files/838e906fe6804cfe97d9fa6b882ee72f_320.png
617,98,https://image.idus.com/image/files/4942da0425f74f418d13e09ea54b822d_320.jpg
618,99,https://image.idus.com/image/files/3e0a904d2c194a019f9d60a90ad5223c_320.png
619,99,https://image.idus.com/image/files/901ce2a7d44e496a927fce5493bb3731_320.jpg
620,99,https://image.idus.com/image/files/f80b3f89382642e79167284ab1c5ea80_320.jpg
621,99,https://image.idus.com/image/files/266cc7b4756a41c1b16cd0c58c9a6d56_320.jpg
622,99,https://image.idus.com/image/files/72baa9b61bed4dc1845b29c55ef559a2_320.png
623,99,https://image.idus.com/image/files/7f14332e9b8d4cdf9d9b6aa40795971d_320.png
624,99,https://image.idus.com/image/files/7dbf644e5daf47279929aa82a0affd68_320.png
