h,t,t,p,s,:,/,/,i,m,a,g,e,.,i,d,u,s,.,c,o,m,/,i,m,a,g,e,/,f,i,l,e,s,/,5,f,2,f,5,2,9,f,8,d,0,7,4,e,2,a,a,c,6,0,9,d,7,2,b,e,8,c,b,5,d,7,_,1,0,8,0,.,j,p,g
h,t,t,p,s,:,/,/,i,m,a,g,e,.,i,d,u,s,.,c,o,m,/,i,m,a,g,e,/,f,i,l,e,s,/,e,d,d,3,a,0,0,a,6,1,6,7,4,3,2,f,9,e,a,4,a,3,6,1,0,5,b,9,b,e,c,1,_,1,0,8,0,.,p,n,g
h,t,t,p,s,:,/,/,i,m,a,g,e,.,i,d,u,s,.,c,o,m,/,i,m,a,g,e,/,f,i,l,e,s,/,a,6,a,3,d,8,1,7,3,0,3,4,4,8,8,a,9,8,6,8,a,9,6,9,f,8,c,1,1,f,4,3,_,1,0,8,0,.,j,p,g
h,t,t,p,s,:,/,/,i,m,a,g,e,.,i,d,u,s,.,c,o,m,/,i,m,a,g,e,/,f,i,l,e,s,/,b,e,2,c,2,d,e,3,d,7,e,7,4,3,e,8,8,0,e,6,5,d,f,5,c,d,e,c,7,a,b,c,_,1,0,8,0,.,j,p,g
h,t,t,p,s,:,/,/,i,m,a,g,e,.,i,d,u,s,.,c,o,m,/,i,m,a,g,e,/,f,i,l,e,s,/,a,3,0,2,1,5,7,9,2,6,4,7,4,f,8,e,a,4,3,1,a,c,6,1,d,a,6,9,0,2,a,6,_,1,0,8,0,.,j,p,g
h,t,t,p,s,:,/,/,i,m,a,g,e,.,i,d,u,s,.,c,o,m,/,i,m,a,g,e,/,f,i,l,e,s,/,1,5,1,4,7,2,0,f,8,4,3,3,4,b,f,d,9,1,2,4,a,b,8,2,f,a,d,8,e,c,0,e,_,1,0,8,0,.,j,p,g
h,t,t,p,s,:,/,/,i,m,a,g,e,.,i,d,u,s,.,c,o,m,/,i,m,a,g,e,/,f,i,l,e,s,/,c,b,c,7,3,a,c,f,b,3,b,4,4,4,f,0,8,2,a,6,f,d,6,d,f,5,2,0,5,c,0,b,_,1,0,8,0,.,j,p,g
h,t,t,p,s,:,/,/,i,m,a,g,e,.,i,d,u,s,.,c,o,m,/,i,m,a,g,e,/,f,i,l,e,s,/,c,2,9,1,4,5,1,b,d,a,7,0,4,4,c,9,a,c,f,6,8,3,4,c,a,5,c,d,0,c,e,2,_,1,0,8,0,.,j,p,g
h,t,t,p,s,:,/,/,i,m,a,g,e,.,i,d,u,s,.,c,o,m,/,i,m,a,g,e,/,f,i,l,e,s,/,d,e,7,3,2,c,f,a,3,d,b,4,4,7,0,3,9,2,7,c,f,4,d,4,1,c,2,2,f,6,2,5,_,1,0,8,0,.,j,p,g
h,t,t,p,s,:,/,/,i,m,a,g,e,.,i,d,u,s,.,c,o,m,/,i,m,a,g,e,/,f,i,l,e,s,/,4,8,9,e,6,8,6,0,2,7,6,4,4,5,7,a,b,2,0,8,e,3,e,9,7,c,3,3,8,8,0,7,_,1,0,8,0,.,j,p,g
h,t,t,p,s,:,/,/,i,m,a,g,e,.,i,d,u,s,.,c,o,m,/,i,m,a,g,e,/,f,i,l,e,s,/,d,6,2,4,e,5,c,e,e,c,a,6,4,3,d,0,b,4,1,b,3,7,5,6,b,0,b,9,a,2,9,e,_,1,0,8,0,.,j,p,g
h,t,t,p,s,:,/,/,i,m,a,g,e,.,i,d,u,s,.,c,o,m,/,i,m,a,g,e,/,f,i,l,e,s,/,8,d,b,3,3,9,8,5,1,4,0,6,4,0,e,0,8,6,0,9,1,f,d,4,a,a,0,f,b,7,1,e,_,1,0,8,0,.,j,p,g
h,t,t,p,s,:,/,/,i,m,a,g,e,.,i,d,u,s,.,c,o,m,/,i,m,a,g,e,/,f,i,l,e,s,/,7,5,7,7,8,5,e,6,c,2,d,c,4,d,c,1,8,6,0,e,b,8,0,a,9,0,4,0,a,3,0,e,_,1,0,8,0,.,j,p,g
h,t,t,p,s,:,/,/,i,m,a,g,e,.,i,d,u,s,.,c,o,m,/,i,m,a,g,e,/,f,i,l,e,s,/,6,a,9,f,6,4,7,1,4,b,a,9,4,e,2,a,8,a,d,5,9,3,1,0,4,1,4,9,c,1,e,e,_,1,0,8,0,.,j,p,g
