product_parent_option_id,product_id,option_name
1,1,포장
2,1,해외배송
3,1,공지사항필독
4,2,용량
5,2,컬러
6,2,사이즈 선택
7,3,끈 길이
8,3,텀블러색상. 종류
9,3,그림그려지는 인원수
10,4,그림표현
11,4,같은그림텀블러 추가
12,4,그림위치
13,5,린스 추가
14,5,휘낭시에추가
15,5,선물박스
16,6,사진 속 인원수
17,6,눈 그려주세요
18,6,채색
19,7,의상
20,7,소품
21,7,핸드폰배경
22,8,사이즈변경
23,8,청첩장 및 상업용
24,8,완성작 sns 여부
25,9,. 안내사항 확인
26,9,제품명
27,9,케이스 종류
28,10,플라워패턴선택
29,10,문구선택
30,10,폰트선택
31,11,옵션1
32,11,비녀대 길이
33,11,색상
34,12,향
35,12,향 리필(10ml)
36,12,데일리4크림체험키트
37,13,같이쓰면좋은앰플
38,13,같이쓰면좋은크림
39,13,같이쓰면좋은토너
40,14,색상
41,14,사이즈
42,14,사이즈
43,15,코디상품 추가하기
44,15,후기이벤트참여
45,15,사이즈
46,16,추가 구성(이니셜)
47,16,포장
48,16,가죽Saffiano
49,17,스트랩Strap
50,17,메탈컬러Metal
51,17,각인Engrave
52,18,실컬러Thread
53,18,배송Shipping
54,18,포장Packing
55,19,해외배송
56,19,공지사항필독
57,19,가죽색상
58,20,지퍼색상
59,20,복수구매 할인
60,20,지퍼길이
61,21,제작기간
62,21,type
63,21,사이즈
64,22,명찰이름
65,22,옵션1
66,22,맛선택
67,23,Color
68,23,Notice2
69,23,Notice3
70,24,Notice4
71,24,Notice5
72,24,향기선택
73,25,포장선택
74,25,패드선택
75,25,오슬 체크 카드지갑
76,26,색상
77,26,안주머니 추가
78,26,넥타이 컬러
79,27,스트랩추가
80,27,색상
81,27,향 선택
82,28,추가 제품 선택
83,28,☆ABC 주스
84,28,Color
85,29,Notice1
86,29,Notice2
87,29,Notice3
88,30,Notice4
89,30,Notice5
90,30,플랫
91,31,사이즈
92,31,찰보리빵 개수
93,31,케이스종류
94,32,단품/톡set
95,32,색상
96,32,향 선택
97,33,편육 구성 선택
98,33,컬러
99,33,사이즈
100,34,바탕색
101,34,배경그림
102,34,색상
103,35,컬러
104,35,고리
105,35,컬러
106,36,고리투명케이스추가
107,36,D형고리칼라
108,36,길이
109,37,부착고리(3M)추가
110,37,손톱모양ෆ
111,37,사이즈ෆ
112,38,아트순서변경ෆ
113,38,추가구성ෆ
114,38,샘플팁ෆ
115,39,후기약속ෆ
116,39,하동 매실액 ☘️
117,39,[선물포장]
118,40,이니셜추가
119,40,색깔
120,40,표정
121,41,색상
122,41,포장
123,41,사이즈선택
124,42,시안선택
125,42,후가공추가
126,42,사진형으로변경
127,43,선택
128,43,용량
129,43,사진 속 인원수
130,44,드로잉 추가 소품수
131,44,문구 추가
132,44,USB 어댑터
133,45,색상
134,45,목걸이폰케이스 종류
135,45,카드부착케이스 색상
136,46,스트랩 색상
137,46,쇼핑백
138,46,안내문
139,47,색 선택
140,47,쿠폰추가
141,47,출고일
142,48,각인
143,48,선물포장
144,48,색상
145,49,립쿠션 1
146,49,립쿠션 2
147,49,립쿠션 3
148,50,보자기포장
149,50,색상
150,50,이니셜 각인
151,51,개수선택
152,51,추가선택
153,51,배송일자
154,52,그립톡 선택
155,52,이니셜 추가
156,52,이니셜 내용
157,53,이니셜 위치
158,53,선물 포장
159,53,글자크기
160,54,글자 수
161,54,폰트선택
162,54,침 모양 선택
163,55,컬러 선택
164,55,선물 포장
165,55,사이즈
166,56,사이즈
167,56,선물용 박스
168,56,색상
169,57,팁모양
170,57,사이즈
171,57,추가 : 네일 테잎
172,58,추가 : 알콜 솜
173,58,추가 : 네일 오일
174,58,추가 : 네일 화일
175,59,꽃선택
176,59,상자
177,59,사이즈
178,60,색상
179,60,원두종류
180,60,팔찌길이
181,61,체인색상
182,61,뒷면각인
183,61,뒷면폰트
184,62,장미 컬러
185,62,리본 타입
186,62,커스텀 문구 스티커
187,63,구성
188,63,컬러
189,63,사이즈
190,64,디자인&컬러
191,64,옵션
192,64,드로잉 인원
193,65,편지지 추가
194,65,시안
195,65,서체
196,66,얼큰칼제비+볶음밥
197,66,배경
198,66,스마트 톡 구매
199,67,문구
200,67,구성
201,67,컬러
202,68,Color
203,68,제품선택
204,68,선물포장
205,69,팔찌 or 발찌
206,69,디자인
207,69,color
208,70,size
209,70,구성
210,70,장수
211,71,색상
212,71,사이즈
213,71,컬러
214,72,색상
215,72,침 선택
216,72,뒷마개(클러치)선택
217,73,쇼핑백 선택
218,73,야채잡채
219,73,종류
220,74,배송일선택
221,74,포장단위
222,74,쇼핑백
223,75,선물포장 선택
224,75,하트색상
225,75,향종류
226,76,향추가
227,76,포장
228,76,맛선택
229,77,스티커선택
230,77,쇼핑백
231,77,받는 날짜 선택
232,78,공지사항
233,78,인원수
234,78,채색
235,79,배경
236,79,문구
237,79,자수디자인
238,80,반지 호수
239,80,반지 두께
240,80,스템프 종류
241,81,각인 착색
242,81,광택
243,81,각인 내용
244,82,얼슬로우 스콘
245,82,상품입수
246,82,종류
247,83,출발일
248,83,장미 수 선택
249,83,토퍼
250,84,색상
251,84,롤리팝 사탕 추가
252,84,곰돌이 입양
253,85,선택
254,85,디자인선택1
255,85,디자인선택2
256,86,사탕색선택
257,86,문구추가여부
258,86,❤️문구/행사일❤️
259,87,❤️꼭읽어주세요❤️
260,87,자수컬러
261,87,상품
262,88,중량
263,88,선물용포장
264,88,출고일
265,89,키링
266,89,사이즈변경(문의후)
267,89,사이즈
268,90,컬러
269,90,배송비
270,90,해외배송정보
271,91,공지사항필독
272,91,토미색상
273,91,리본
274,92,종류
275,92,색상
276,92,향종류
277,93,글씨체
278,93,문구관련 필수선택
279,93,색상 선택
280,94,모델 선택
281,94,레이저 각인
282,94,출고일선택
283,95,카네이션 /장미
284,95,리시안셔스 생화
285,95,옵션
286,96,카네이션 카드
287,96,색상
288,96,립밤선택해주세요
289,97,선물포장
290,97,침종류
291,97,사이즈
292,98,글자수
293,98,리본
294,98,Color
295,99,디자인 중세로형
296,99,디자인 대형(90)
297,99,배경색선택
298,100,글꼴선택
299,100,사은품 증정 이벤트
300,100,옵션1
301,101,선물포장 여부
302,101,그립톡선택
303,101,선물포장
304,102,폰트 컬러
305,102,폰트 선택
306,102,영문 이름
307,103,발송일자
308,103,케이스선택
309,103,전체적인컬러감
310,104,맞춤케이스제작건
311,104,뒷커버하단체인
312,104,스마트톡추가
313,105,사이즈
314,105,컬러
315,105,사이즈
316,106,구성
317,106,색상
318,106,얼굴드로잉
319,107,채색
320,107,의상패턴
321,107,배경
322,108,소품
323,108,그림에 넣을 글
324,108,컬러선택
325,109,led무드등
326,109,포장
327,109,진주파츠추가
328,110,탄생석추가
329,110,브로콜리?
330,110,타입및 크키
331,111,컬러
332,111,추가옵션
333,111,사이즈
334,112,색상
335,112,내 피부같은 팬티♡
336,112,색상
337,113,크기
338,113,뚜껑
339,113,바크 종류
340,114,옵션1
341,114,날짜
342,114,공지사항
343,115,튤립컬러
344,115,레터링글씨체
345,115,픽추가
346,116,맛선택
347,116,향기 선택
348,116,시향테스터
349,117,세이리 쇼핑백
350,117,얼굴
351,117,상반신
352,118,전신
353,118,인물 추가
354,118,남자 반지 호수
355,119,여자 반지 호수
356,119,색상
357,119,각인
358,120,추가구매
359,120,포장
360,120,고양이색상 선택
361,121,술잔 4개세트
362,121,체인길이
363,121,연장체인추가
364,122,하트포인트 유무
365,122,체크파우치 포장추가
366,122,네트파우치
367,123,어깨 끈 추가
368,123,가죽컬러
369,123,이니셜 각인선택
370,124,손가락 스트랩
371,124,채색
372,124,챰 선택
373,125,키링 종류
374,125,사이즈
375,125,키링만 1개 추가
376,126,챰 추가
377,126,악세서리 추가
378,126,그림 인원 수
379,127,상업이용
380,127,요청사항에 메일주소
381,127,후기 이벤트
382,128,컬러
383,128,별사이즈선택
384,128,바두께&마감볼
385,129,바길이
386,129,사이즈
387,129,고리추가
388,130,선물포장
389,130,마산옥 사이즈
390,130,청사금석 사이즈
391,131,사이즈
392,131,팔찌선택
393,131,선물상자
394,132,리본컬러
395,132,CHECK♥
396,132,2개 이상 구입시
397,133,사은품
398,133,스콘
399,133,색상
400,134,고리
401,134,포장
402,134,밍크추가
403,135,거울 타입
404,135,폰트
405,135,레터링 색상
406,136,멘트
407,136,색상
408,136,컬러
409,137,옵션
410,137,사진 속 인원선택
411,137,드로잉스타일
412,138,제공받을 사이즈
413,138,원하시는 문구
414,138,배경 드로잉
415,139,팬던트
416,139,비녀대길이
417,139,베스트
418,140,조화종류
419,140,용량선택
420,140,향선택
421,141,옵션1
422,141,비누망
423,141,포장
424,142,사이즈
425,142,색상타입
426,142,연결고리
427,143,포장
428,143,각인문구
429,143,각인메세지
430,144,선물포장
431,144,일러스트 종류
432,144,케이스 종류
433,145,기종 & 색상
434,145,색상
435,145,사이즈
436,146,컬러
437,146,종류
438,146,컬러
439,147,송이추가
440,147,사이즈
441,147,발등/발볼
442,148,메세지선택
443,148,배송
444,148,롤솜사탕
445,149,생초콜릿
446,149,포장선택
447,149,온하클렌즈주스
448,150,트러플 초콜릿
449,150,포장
450,150,쇼핑백
451,151,"컬러,크기"
452,151,기종
453,151,자개 크기
454,152,체인 줄
455,152,각인
456,152,데이지장식
457,153,엽서 인원 수
458,153,엽서 디자인
459,153,엽서 뒷면 디자인
460,154,글씨체
461,154,추가해드릴까요
462,154,빠른배송or일반배송
463,155,아크릴액자
464,155,인물 수
465,155,문구/배경
466,156,발송일
467,156,비누받침
468,156,색상선택
469,157,size
470,157,color
471,157,scent
472,158,쇼핑백
473,158,옵션
474,158,사탕맛
475,159,포장선택
476,159,주방용집게
477,159,택배사선택
478,160,몇 명인가요!
479,160,소품은요?
480,160,그림 범위 (?)
481,161,배경은요?!
482,161,천연탄생석선택
483,161,사이즈선택
484,162,반지색상선택
485,162,반지금속선택
486,162,각인선택
487,163,찻잔컬러
488,163,색상
489,163,사이즈 선택해주세요
490,164,프리지아
491,164,추가상품
492,164,이날부터 발송됩니다
493,165,세트구성
494,165,문구선택
495,165,포장선택
496,166,무항생제 삼겹살
497,166,기름기 정도
498,166,맛
499,167,선물포장
500,167,쇼핑백 추가
501,167,인원 수
502,168,채색
503,168,편지지 방향
504,168,선 스타일
505,169,스티커
506,169,봉투
507,169,선택1
508,170,선택2
509,170,선택3-선택안함포함
510,170,옵션1
511,171,카드지갑+스트랩
512,171,각인여부
513,171,스트랩사이즈
514,172,선물박스추가
515,172,인원 수
516,172,그림 구도
517,173,배경
518,173,상업적 이용 여부
519,173,상세 내용 확인
520,174,8구/16구
521,174,선물용비닐쇼핑백
522,174,배송일 확인
523,175,스티커
524,175,반지 호수
525,175,안쪽 각인
526,176,사이즈
527,176,확인사항
528,176,팁모양
529,177,사이즈
530,177,샘플팁
531,177,추가: 테이프
532,178,추가: 네일글루
533,178,추가: 알콜패드
534,178,페스토 종류 선택
535,179,아이스박스선택
536,179,포장
537,179,방울 Color
538,180,방울 Size
539,180,초커
540,180,방울소리
541,181,길이 연장
542,181,구매 전 확인사항
543,181,글씨체
544,182,선물포장
545,182,받침대상판각인
546,182,색상
547,183,자수추가
548,183,복권구성
549,183,편지복권디자인선택
550,184,보너스복권디자인선택
551,184,시안확인
552,184,사이즈
553,185,용량
554,185,꽃차선택
555,185,쇼핑백(소)
556,186,컬러선택
557,186,배송료
558,186,스마트톡 바디색상
559,187,강아지 색상
560,187,볼터치 여부
561,187,입매
562,188,옵션1
563,188,옵션2
564,188,와인숙성삼겹살
565,189,용량
566,189,향기
567,189,어댑터
568,190,어댑터 색상
569,190,길이 (한쪽당)
570,190,실 색상
571,191,색상
572,191,용량선택
573,191,포장선택
574,192,사이즈
575,192,포장상자
576,192,리뷰이벤트 할인
577,193,서체선택
578,193,서체배치
579,193,아이콘(하트) 위치
580,194,레터링 대소문자
581,194,재질 및 주의사항
582,194,필요한날짜요청사항에
583,195,시안확인
584,195,다른 추가사항
585,195,선물포장
586,196,공지사항
587,196,금요일 출고 시
588,196,출고날짜지정
589,197,투명 플라워 쇼핑백
590,197,버전
591,197,배경 컬러
592,198,띠 컬러
593,198,실 컬러
594,198,스트랩
595,199,각인
596,199,디자인
597,199,밀크티베이스
598,200,우유추가
599,200,쇼핑백추가
600,200,보틀추가
601,201,포장형태
602,201,[추가] 소포장
603,201,상품선택
604,202,"선물포장,종이가방"
605,202,그림선택
606,202,배경(후기약속)
607,203,라인일러스트추가
608,203,레터링추가여부
609,203,인원수
610,204,반지호수
611,204,팔로우이벤트
612,204,두께
613,205,500g
614,205,종류 선택
615,205,포장 선택
616,206,무지개(첫번째줄)
617,206,무지개(두번째줄)
618,206,무지개(세번째줄)
619,207,무지개(네번째줄)
620,207,폼폼or리본추가
621,207,호루라기추가
622,208,비누망
623,208,선물포장
624,208,사이즈
625,209,발볼
626,209,색상
627,209,소재
628,210,모양
629,210,배송공지1
630,210,배송공지2
631,211,사이즈
632,211,포장
633,211,꽃추가
634,212,희망수령일
635,212,엽서 추가
636,212,드로잉 인원 수
637,213,디자인선택
638,213,새김형식
639,213,도장돌컬러
640,214,사이즈
641,214,언어선택
642,214,측면메세지추가
643,215,드로잉선택
644,215,문구여부
645,215,배경여부
646,216,색상
647,216,리본추가
648,216,태슬추가
649,217,스트랩추가
650,217,각인색상
651,217,금속색상
652,218,집으로 왕만두
653,218,사골추가
654,218,아이스박스
655,219,선물포장
656,219,상품선택
657,219,발송일
658,220,철판 하나 더
659,220,선택1
660,220,향
661,221,COLOR
662,221,알파벳추가
663,221,선물포장
664,222,캔들받침
665,222,목장애 수제치즈
666,222,포장
667,223,길이
668,223,길이조절체인
669,223,포트 선택
670,224,가방색상
671,224,바닥 색상
672,224,실리콘귀침선택
673,225,별자리선택
674,225,포장
675,225,낱개1개판매입니다
676,226,반지 사이즈
677,226,나무 종류
678,226,기본각인(서비스!)
679,227,안쪽 각인추가
680,227,큐빅 추가옵션
681,227,목걸이줄 추가
682,228,각인위치
683,228,각인폰트
684,228,컬러
685,229,고래종류
686,229,각인선택
687,229,인원
688,230,동물/인형/캐릭터
689,230,간단한 배경
690,230,이외 추가
691,231,수제그릭요거트
692,231,선물포장 선택
693,231,색상
694,232,치수
695,232,사이즈
696,232,굽높이
697,233,발볼
698,233,추가옵션 선택
699,233,선택
700,234,스테이크 중량선택
701,234,옵션1
702,234,※배송일정
703,235,인원수
704,235,사이즈
705,235,배경색
706,236,상담진행
707,236,색상
708,236,키링
709,237,크기
710,237,구성1○○
711,237,구성 1 ☆
712,238,구성2 ☆
713,238,사이즈
714,238,버전
715,239,유/무광
716,239,각인
717,239,컬러
718,240,글씨컬러
719,240,레터링컬러
720,240,선물용쇼핑백
721,241,용돈박스
722,241,꽃사이즈
723,241,왼쪽하트퍼즐고리
724,242,오른쪽하트퍼즐고리
725,242,하트퍼즐 각인선택
726,242,각인 글씨체 선택
727,243,일러스트원판추가
728,243,꼬리체인추가
729,243,디자인 선택
730,244,뒷마개 추가
731,244,세척천
732,244,케이스종류
733,245,기종
734,245,색상&글자수이벤트
735,245,꼭 읽어주세요ღ
736,246,향기(디자인)
737,246,유리병속 플라워
738,246,조화
739,247,무드등/USB어댑터
740,247,선물포장/쇼핑백
741,247,라탄코스터/매트
742,248,뚜껑 레터링
743,248,종이가방
744,248,우체국택배/방문수령
745,249,꽃추가_해바라기
746,249,꽃추가_장미
747,249,꽃추가_데이지
748,250,와이어 20구 전구
749,250,컬러
750,250,이니셜각인
751,251,차량번호각인
752,251,추가상품
753,251,별자리
754,252,별자리 color
755,252,색상
756,252,손목끈
757,253,컬러
758,253,사이즈
759,253,수납 타입
760,254,이니셜문구
761,254,스트랩손잡이
762,254,카드지갑세트구매
763,255,종류
764,255,색상
765,255,선물용
766,256,꽃 종류
767,256,메뉴
768,256,우동사리 추가
769,257,떡사리 추가
770,257,양념장 추가
771,257,인원수(동물포함)
772,258,피부 및 포인트
773,258,배경
774,258,채색
775,259,추가1
776,259,추가2
777,259,공지사항
778,260,배송
779,260,체크칼라
780,260,공지사항
781,261,컬러
782,261,컬러
783,261,선물포장
784,262,송이수/컬러
785,262,꽃다발전용삼각쇼핑백
786,262,하트+이니셜 추가
787,263,핸드폰기종
788,263,스트랩 방향
789,263,이니셜
790,264,데이지컬러
791,264,필독사항확인
792,264,선물 포장
793,265,작가 이벤트
794,265,휴대세트
795,265,큐브양갱
796,266,소품추가금
797,266,인형갯수추가금
798,266,컬러
799,267,Size
800,267,Notice2
801,267,Notice3
802,268,Notice4
803,268,Notice5
804,268,사이즈
805,269,색상
806,269,컬러
807,269,시계 앞면 각인
808,270,커플시계 구매 유무
809,270,시계 뒷면 각인
810,270,호수
811,271,유화처리
812,271,1. 앨범 색상
813,271,2. 사진 인화
814,272,편지지 추가
815,272,선물포장용 리본
816,272,후기이벤트
817,273,수량
818,273,선물상자
819,273,상품선택
820,274,브로치/마그넷
821,274,사이즈
822,274,사이즈
823,275,공지사항
824,275,기념숫자
825,275,선택 옵션
826,276,문구변경
827,276,보리 종류 선택
828,276,차슈 선택
829,277,계란 선택
830,277,(세척)숙주나물
831,277,1단계-종류
832,278,2단계-형태
833,278,3단계-옵션추가
834,278,수량
835,279,향선택1 [1+1]
836,279,향선택2 [1+1]
837,279,14종 시향세트
838,280,쇼핑백
839,280,디자인
840,280,선물포장
841,281,과일청
842,281,선물박스
843,281,이니셜 서체
844,282,각인
845,282,선물 포장
846,282,종류
847,283,사이즈
848,283,색상
849,283,가방끈
850,284,박스포장
851,284,박스
852,284,곰돌이 선택
853,285,하트용기 포장 추가
854,285,미니트리 추가
855,285,쇼핑백 추가
856,286,선택
857,286,추가 구매
858,286,배송료
859,287,해외배송
860,287,공지사항필독
861,287,각인선택
862,288,폰트
863,288,사이즈선택
864,288,레터링
865,289,테드곰인형추가
866,289,해피버스데이머리띠
867,289,레터링내용
868,290,인원추가(반려동물)
869,290,Notice2
870,290,Notice3
871,291,Notice4
872,291,Notice5
873,291,가죽 색상 선택
874,292,각인 서체 선택
875,292,구성 선택
876,292,드롭 장식
877,293,시계알 디자인
878,293,가죽밴드 색상
879,293,빈티지 스탬핑
880,294,선물포장
881,294,이니셜 불박각인
882,294,색상 선택
883,295,이니셜 추가
884,295,포장 선택
885,295,잼 종류
886,296,선물포장
887,296,Size(유럽)
888,296,Notice1
889,297,Notice3
890,297,Notice4
891,297,Notice5
892,298,Notice6
893,298,색상
894,298,고리
895,299,옵션
896,299,옵션1
897,299,선물박스포장
898,300,컬러
899,300,꽃선택
900,300,color
901,301,비누선택
902,301,버블망
903,301,포장
904,302,컬러및포장
905,302,쇼핑백선택
906,302,송이추가
907,303,화병
908,303,블룸향기디퓨저
909,303,크기/가로세로두께합
910,304,사이즈
911,304,❤컬러❤
912,304,❤사이즈❤
913,305,❤폰트(사진참고)❤
914,305,에어팟 색상
915,305,키링
916,306,이니셜 각인
917,306,LED홀
918,306,스트랩
919,307,색상
920,307,사이즈
921,307,포장 선택
922,308,메뉴선택
923,308,연못의 크기
924,308,연못의 빛
925,309,인물 추가
926,309,장신구
927,309,토퍼스타일&글자수
928,310,글자체
929,310,기본색상
930,310,포인트색상
931,311,출고일확인!!!
932,311,색상
933,311,손잡이
934,312,안주머니
935,312,크로스끈
936,312,색상
937,313,추가
938,313,딸기크기선택
939,313,사이즈
940,314,사리
941,314,꽃송이
942,314,포장지
943,315,LED
944,315,쇼핑백
945,315,카드엽서
946,316,구성품
947,316,컬러
948,316,선물포장
949,317,(무료)이니셜 각인
950,317,쇼핑백
951,317,컬러
952,318,사이즈
953,318,똑딱이
954,318,기종
955,319,군번줄
956,319,색상
957,319,컬러
958,320,포토포켓(디자인)
959,320,포토포켓 컬러
960,320,포토포켓 부착방항
961,321,이니셜각인
962,321,키링
963,321,케이스
964,322,제품
965,322,컬러
966,322,포장
967,323,전신 / 상반신
968,323,인원수 추가
969,323,반려동물
970,324,포트폴리오
971,324,상업적 이용
972,324,스톤
973,325,호수
974,325,오픈/일반
975,325,종이가방추가
976,326,컬러
977,326,선물포장
978,326,색상
979,327,선물포장
980,327,구성
981,327,용지 색상
982,328,첨부사항
983,328,얼굴 디자인 옵션
984,328,문구꼭남겨주세요.
985,329,손가락하트토퍼
986,329,집게핀 컬러선택
987,329,큐빅 여부
988,330,선물포장
989,330,사이즈
990,330,별자리
991,331,사이즈
992,331,"거치대,관리용품"
993,331,핸드폰 기종
994,332,케이스 색상
995,332,추가할인 선택옵션!
996,332,반지스타일
997,333,반지 사이즈
998,333,공지사항
999,333,옵션1
1000,334,발송일
1001,334,향수종류선택
1002,334,향선택1
1003,335,향선택2
1004,335,번호판선택
1005,335,색상
1006,336,옵션1
1007,336,다이아몬드로 변경
1008,336,여자 사이즈
1009,337,남자 사이즈
1010,337,색상
1011,337,컬러
1012,338,꽃종류
1013,338,서체선택
1014,338,문장으로변경
1015,339,리필심 추가
1016,339,옵션1
1017,339,금귤바닐라잼
1018,340,한 그림에 인원 수
1019,340,반려동물 추가 수
1020,340,사진 속 소품
1021,341,우드 액자
1022,341,캔버스 액자
1023,341,핸드폰 배경화면
1024,342,기본사이즈
1025,342,큰 사이즈
1026,342,디자인
1027,343,스크런치
1028,343,색상
1029,343,선물포장
1030,344,키링 또는그립톡
1031,344,색상(요청란기재)
1032,344,문구
1033,345,타입1
1034,345,타입2
1035,345,모양
1036,346,컬러1
1037,346,컬러2
1038,346,문구추가
1039,347,애플워치 사이즈
1040,347,손목 사이즈
1041,347,가죽 색상
1042,348,아답터 색상
1043,348,버클 색상
1044,348,가죽
1045,349,색상
1046,349,사이즈
1047,349,각인
1048,350,패브릭
1049,350,사이즈
1050,350,스트랩
1051,351,안감핸들
1052,351,같은 티코스터 1개
1053,351,주문요청사항필수기재
1054,352,파스텔꼬불초 추가
1055,352,톳밥2개이상주문
1056,352,맛간장
1057,353,아이스팩/기본2개
1058,353,선물포장
1059,353,구성
1060,354,포장
1061,354,레터링
1062,354,LED
1063,355,옵션1
1064,355,옵션2
1065,355,색상
1066,356,옵션1
1067,356,공룡 선택
1068,356,5+1
1069,357,수량
1070,357,선물포장
1071,357,수제청 용량
1072,358,선물상자 유/무
1073,358,가죽키홀더
1074,358,네임택
1075,359,작은하트(단품)
1076,359,큰하트(단품)
1077,359,더블(큰하트추가)
1078,360,더블(작은하트추가)
1079,360,반지디자인
1080,360,반지 컬러
1081,361,향
1082,361,키링종류
1083,361,컬러
1084,362,기종
1085,362,선택
1086,362,배송
1087,363,색상 선택
1088,363,구성품 선택
1089,363,기기 종류
1090,364,병아리 색상
1091,364,확인해주세요
1092,364,제품선택
1093,365,프레임칼라
1094,365,시계다이알 이니셜
1095,365,시계박스 인쇄
1096,366,포장
1097,366,공지사항
1098,366,페인트 컬러
1099,367,반지 컬러
1100,367,해외배송
1101,367,공지사항필독
1102,368,상단디자인
1103,368,세로길이선택
1104,368,화이트 슬림 압축봉
1105,369,팁모양
1106,369,사이즈
1107,369,양면테이프&글루
1108,370,무광&유광
1109,370,후기약속
1110,370,케이스 기종선택
1111,371,옵션1
1112,371,옵션2
1113,371,옵션3
1114,372,컬러선택
1115,372,타입선택
1116,372,포장선택
1117,373,선물 포장
1118,373,상품선택
1119,373,생면
1120,374,쇼핑백
1121,374,색상
1122,374,사이즈
1123,375,발송예정일
1124,375,이니셜
1125,375,선물포장
1126,376,색상
1127,376,금속부자재
1128,376,작품 선택
1129,377,뚜껑선택
1130,377,선물포장선택
1131,377,쉐입
1132,378,컬러
1133,378,추가상품1
1134,378,추가상품2
1135,379,구성
1136,379,원석
1137,379,피어싱 볼
1138,380,인원수
1139,380,후기
1140,380,옵션1
1141,381,[샤쉐향]
1142,381,[리필]
1143,381,[쇼핑백]
1144,382,[선물포장]
1145,382,컬러
1146,382,문구
1147,383,고리
1148,383,COLOR
1149,383,색상
1150,384,가방 끈
1151,384,카드홀더
1152,384,고리 추가
1153,385,키링고리
1154,385,충전구멍
1155,385,식빵추가
1156,386,기종선택
1157,386,원석골라주세용
1158,386,꼬리체인
1159,387,초승달팬던트
1160,387,팬던트만구입할래요
1161,387,향
1162,388,심지선택
1163,388,추가구성
1164,388,선물포장
1165,389,비누망
1166,389,수량
1167,389,기장추가
1168,390,탄생월
1169,390,애플워치 사이즈
1170,390,제품 폭 사이즈
1171,391,손목둘레 사이즈
1172,391,헤어곱창밴드
1173,391,그람수
1174,392,트러플소금
1175,392,디자인
1176,392,반려동물 수
1177,393,반려동물 이름
1178,393,피크닉세트
1179,393,같이주문해요
1180,394,포장유무
1181,394,사이즈
1182,394,폼폼이열쇠고리 선택
1183,395,외부색상
1184,395,"내부수납칸,이니셜"
1185,395,선물 포장할래요?
1186,396,이니셜 추가하신분은
1187,396,본체선택
1188,396,키링
1189,397,키링고리
1190,397,충전구멍
1191,397,겔스티커
1192,398,포장
1193,398,사이즈
1194,398,선물 포장
1195,399,색상
1196,399,실리콘뚜껑
1197,399,사이즈
1198,400,컬러
1199,400,사이즈
1200,400,머리숱
1201,401,교체용 밴드 증정
1202,401,선물포장
1203,401,밴드 교체시 준비물
1204,402,색상
1205,402,색상
1206,402,선물포장
1207,403,컬러
1208,403,컬러
1209,403,사이즈
1210,404,굽높이
1211,404,발볼넓힘
1212,404,색상
1213,405,공지사항
1214,405,색상
1215,405,선물 포장
1216,406,배경 선택
1217,406,당일 제작
1218,406,컬러선택
1219,407,레터링 추가
1220,407,종류
1221,407,향
1222,408,포장
1223,408,주의사항
1224,408,거울
1225,409,레터링 위치
1226,409,패키지 포장
1227,409,색상
1228,410,사이즈
1229,410,슬라임문구선택
1230,410,색상
1231,411,이니셜각인
1232,411,포장
1233,411,소스
1234,412,발송안내
1235,412,색상
1236,412,상품선택
1237,413,COLOR
1238,413,인원수
1239,413,소품
1240,414,후기이벤트
1241,414,작가좋아요즐찾?
