image_id,product_id,image
1,1,https://image.idus.com/image/files/5f2f529f8d074e2aac609d72be8cb5d7_720.jpg
2,1,https://image.idus.com/image/files/54255741b7184faead1b0bc0ff5beb7b_720.jpg
3,1,https://image.idus.com/image/files/7e2758af58ad43fb8c323da462656b67_720.jpg
4,1,https://image.idus.com/image/files/da416c662a334cd3bedbd359660c135e_720.jpg
5,1,https://image.idus.com/image/files/a484963ba1644808addf6d2ec896ebce_720.jpg
6,1,https://image.idus.com/image/files/f900f68b085346f88578e0b042bdfbca_720.jpg
7,1,https://image.idus.com/image/files/00df3786357b46689d3491398638a965_720.jpg
8,1,https://image.idus.com/image/files/c469f508124b46158c595a93ed4d2f8c_720.jpg
9,1,https://image.idus.com/image/files/f304e35e439c4488b99f088c0660e93e_720.jpg
10,2,https://image.idus.com/image/files/cbc73acfb3b444f082a6fd6df5205c0b_720.jpg
11,2,https://image.idus.com/image/files/9cb3aba7162a42448b34710f389f589d_720.png
12,2,https://image.idus.com/image/files/0b6f16e731fe4b03973a50e0485d6cfc_720.png
13,2,https://image.idus.com/image/files/1b0e5e63a425496896bcac1c3f047280_720.png
14,2,https://image.idus.com/image/files/3c55d708da41410e84387ffcf086a176_720.png
15,2,https://image.idus.com/image/files/5a3c10ef5b004e6fa3a7ddb5ca940ea2_720.png
16,2,https://image.idus.com/image/files/1c89db1dd95248a4824566dbdca6cfed_720.jpg
17,2,https://image.idus.com/image/files/84b1843300724579b838e09093a3032e_720.png
18,2,https://image.idus.com/image/files/b8b6916fb706401d917b81e93aec92b8_720.png
19,3,https://image.idus.com/image/files/edd3a00a6167432f9ea4a36105b9bec1_720.png
20,3,https://image.idus.com/image/files/468275805eb04204ab0ee1dc185019c7_720.png
21,3,https://image.idus.com/image/files/b60d573aff7348df9c8a9ca2841ffce2_720.jpg
22,3,https://image.idus.com/image/files/a4fca9d8a535486294c4d37e23acd9ef_720.png
23,3,https://image.idus.com/image/files/b311a252d0ee42438c82770a09857160_720.jpg
24,3,https://image.idus.com/image/files/c1bc0c093c7f4a97a4106709c6ff58d1_720.jpg
25,4,https://image.idus.com/image/files/1514720f84334bfd9124ab82fad8ec0e_720.jpg
26,4,https://image.idus.com/image/files/b5771a0f819e4a429f286f219934e543_720.jpg
27,4,https://image.idus.com/image/files/fe02a44c48b0431db4d4a203f3a983d7_720.jpg
28,4,https://image.idus.com/image/files/e1b18a9a4bd940098ef97cea6ea857aa_720.png
29,4,https://image.idus.com/image/files/67c12492f29943419e06550075137abc_720.jpg
30,4,https://image.idus.com/image/files/7dfe4d028d3745319305006a3653497c_720.jpg
31,5,https://image.idus.com/image/files/757785e6c2dc4dc1860eb80a9040a30e_720.jpg
32,5,https://image.idus.com/image/files/e9e3a1c9e66b4118b89574805997062d_720.jpg
33,5,https://image.idus.com/image/files/973722d7d96542fea4a59034cee320ee_720.jpg
34,5,https://image.idus.com/image/files/6b07e429c06745c5a2608b52b4b84309_720.jpg
35,5,https://image.idus.com/image/files/9c3da128c0624e2a904edf4c698cc7e6_720.jpg
36,5,https://image.idus.com/image/files/5436acddf974480d9f8d72377a034f4f_720.jpg
37,5,https://image.idus.com/image/files/4056aa33d24846dea47c12b1a444a006_720.jpg
38,5,https://image.idus.com/image/files/e7a3ee698c8444cf91ce6cd9c78f8965_720.jpg
39,6,https://image.idus.com/image/files/73462e5230334e06981ee1ee48dd6ef3_720.jpg
40,6,https://image.idus.com/image/files/37be7bf1c49f4ba39f94a55f0a39fae8_720.jpg
41,6,https://image.idus.com/image/files/967bada8497842cfb918f64b6562acf9_720.jpg
42,6,https://image.idus.com/image/files/12a51f33903145c3a6220bf00ae2a6a7_720.jpg
43,6,https://image.idus.com/image/files/1574e5940d5a4eecb05bf51ea5c614d1_720.jpg
44,6,https://image.idus.com/image/files/c25c803f09e743489b71f3f7346b7fb6_720.jpg
45,6,https://image.idus.com/image/files/f5341a0b5d024090bb726392c2762c39_720.jpg
46,6,https://image.idus.com/image/files/1aebb21435d14e9eac43eb9c2ba26038_720.jpg
47,6,https://image.idus.com/image/files/12d6fe70583d49e8b11752696269e84b_720.jpg
48,7,https://image.idus.com/image/files/cad305b222cb420cbc4c4d63cd539467_720.jpg
49,7,https://image.idus.com/image/files/12bbc9d979ad4b44b6a254a5b1185e82_720.jpg
50,7,https://image.idus.com/image/files/69c04d8565304fd5ab2e7c4c5fb6acb0_720.jpg
51,7,https://image.idus.com/image/files/230db4fe24cb4505adb51a14176c4c13_720.jpg
52,7,https://image.idus.com/image/files/cfd042dd86424e6d90dd7abe49ea39ac_720.jpg
53,7,https://image.idus.com/image/files/9846539c54fa4681bc4ba84e8f3e8151_720.jpg
54,7,https://image.idus.com/image/files/d932f8e126a740f0a7d00fcd93b591e9_720.jpg
55,8,https://image.idus.com/image/files/564575eedeca4f0aad07eb28178bf156_720.png
56,8,https://image.idus.com/image/files/8521bfb77f72464e9cbf2b3d963010ba_720.jpg
57,8,https://image.idus.com/image/files/a012bd359e7a4ab6b038c17b1a3df5c8_720.png
58,8,https://image.idus.com/image/files/c79ca08904674be3b3bda6051fafad69_720.png
59,8,https://image.idus.com/image/files/4be7d50f5d7b4b5b98b626842ce45467_720.png
60,8,https://image.idus.com/image/files/ccae1c3cb68a4dbc9b62e68582168130_720.png
61,8,https://image.idus.com/image/files/f306edd120f84b5296095508b5e53ce3_720.jpg
62,8,https://image.idus.com/image/files/80dc6cf35c934df9b4ac0db7b97938d0_720.png
63,8,https://image.idus.com/image/files/8a306cdc9a9c4659b070f47a2acdc16d_720.png
64,9,https://image.idus.com/image/files/ffda0d6646424df787230f4adad0bc59_720.jpg
65,9,https://image.idus.com/image/files/8d76e8566fd24297b35d288da382a4cc_720.jpg
66,9,https://image.idus.com/image/files/79cc2c38cd644cdf99220884ce552ff5_720.jpg
67,9,https://image.idus.com/image/files/6af5ea2559cd466d89642d8c6f7dacd1_720.jpg
68,9,https://image.idus.com/image/files/ae4cdee7fe93479997c42def19119c76_720.jpg
69,9,https://image.idus.com/image/files/7876e62d48644df3b8e6e52098aac0f6_720.jpg
70,9,https://image.idus.com/image/files/0b8a03534d64427581da61eb33706bff_720.jpg
71,9,https://image.idus.com/image/files/4c8a1b8da30948439f3159dc98d39c89_720.jpg
72,9,https://image.idus.com/image/files/1cc37b2778c049b7a3e25fe8c9c6eadf_720.jpg
73,10,https://image.idus.com/image/files/bd4c835d35b340b6a98ccd5463ace6f4_720.jpg
74,10,https://image.idus.com/image/files/abc401bb8f164fb8bb181f936b921b15_720.jpg
75,10,https://image.idus.com/image/files/0cfc01cb62394479a1d3cc2bd9c7f9b2_720.jpg
76,10,https://image.idus.com/image/files/a6b6c004dcaf428db647b8e263444e2b_720.jpg
77,10,https://image.idus.com/image/files/adae12f0cbfe4365bcdf62f93b8fcc84_720.jpg
78,10,https://image.idus.com/image/files/7aca8278f3114068b03d8be2cd56a31f_720.jpg
79,11,https://image.idus.com/image/files/a302157926474f8ea431ac61da6902a6_720.jpg
80,11,https://image.idus.com/image/files/4716c548328b4fa0a87f895bdf6d93c3_720.jpg
81,11,https://image.idus.com/image/files/ea1e0b47c341482b8939ecae05f1efd7_720.jpg
82,11,https://image.idus.com/image/files/64f3f7bd4532457086eefc59f6ea1f07_720.jpg
83,11,https://image.idus.com/image/files/ad1d50a9b1044c4f9510a96b12dec9b1_720.jpg
84,11,https://image.idus.com/image/files/4f165fd10aa0457b8d7ea01b05fda07f_720.jpg
85,11,https://image.idus.com/image/files/9a9717b5d4cd4892b2f29f9d92905876_720.jpg
86,12,https://image.idus.com/image/files/091da9a5596a44a3b94bcac2b8837cef_720.png
87,12,https://image.idus.com/image/files/52dc84969f0f4c3ea04f9f04b69c4ff0_720.png
88,12,https://image.idus.com/image/files/3d69bd57b5e3431fa5eb88e535860b42_720.png
89,12,https://image.idus.com/image/files/b311a252d0ee42438c82770a09857160_720.jpg
90,12,https://image.idus.com/image/files/c1bc0c093c7f4a97a4106709c6ff58d1_720.jpg
91,12,https://image.idus.com/image/files/b3598febc2c241689dca012bd2188135_720.png
92,13,https://image.idus.com/image/files/cb0b1091b3404b6190eb289c171e8e63_720.jpg
93,13,https://image.idus.com/image/files/802ada88b1c847d897b8e1c12f4b3936_720.jpg
94,13,https://image.idus.com/image/files/7b98c28b9d1c4b00a408ea0fc745221f_720.jpg
95,13,https://image.idus.com/image/files/e1e881cd70fd46a387211d0f2429bd00_720.jpg
96,13,https://image.idus.com/image/files/05033d7865f74fa3ba2f0369ddd936ce_720.jpg
97,13,https://image.idus.com/image/files/419e029d8cd34dbb805fabd7c7c5d26a_720.jpg
98,13,https://image.idus.com/image/files/7360ae8b04284e97b0e375ceba0cc1a8_720.jpg
99,13,https://image.idus.com/image/files/1247ed5e7ad646b9828a1e92af71624e_720.jpg
100,13,https://image.idus.com/image/files/5c5a6623825a45a09f64b9bb92d8eb87_720.jpg
101,14,https://image.idus.com/image/files/3d85829c19244dfbad4b8bf2802deccd_720.jpg
102,14,https://image.idus.com/image/files/c117d93bfacd407195a9d347ada421d8_720.jpg
103,14,https://image.idus.com/image/files/489e68602764457ab208e3e97c338807_720.jpg
104,14,https://image.idus.com/image/files/cf947cc8d9a44b4bb8da16dfb41d40d5_720.png
105,14,https://image.idus.com/image/files/72ce74e95b5349cbbe3660bd304b7036_720.png
106,14,https://image.idus.com/image/files/0c01a32f093c4e2c992d0224e56f15af_720.png
107,14,https://image.idus.com/image/files/0b9caf187c884ca7ac7241530f94649f_720.png
108,14,https://image.idus.com/image/files/979ff1f95a6a4bf79f71360db57b30a2_720.png
109,14,https://image.idus.com/image/files/24b71a4a4b704acf84906a16d12a534e_720.png
110,15,https://image.idus.com/image/files/6f0ce78686824d6aa63cb41e6818a6e6_720.jpg
111,15,https://image.idus.com/image/files/d92a903a1b184584ad9cf796d4039692_720.jpg
112,15,https://image.idus.com/image/files/89b7e81200384c63a2533dc411cd4a46_720.jpg
113,15,https://image.idus.com/image/files/3643f0fcc79d46698601d857d42a1100_720.jpg
114,15,https://image.idus.com/image/files/feebbd8683ec415f8ae14d2f83db2b00_720.jpg
115,15,https://image.idus.com/image/files/2c12144987154153a9a9c40a9c5da315_720.jpg
116,16,https://image.idus.com/image/files/fd15a273657e418da24c4157f2fa6fae_720.png
117,16,https://image.idus.com/image/files/5c9269a7ec4449758ceb55f0bea92048_720.png
118,16,https://image.idus.com/image/files/199454dc7d524ff5b9fac28d7ad8189b_720.png
119,16,https://image.idus.com/image/files/51005c2a4b694c5fbcde78313c4be11a_720.jpg
120,17,https://image.idus.com/image/files/752c64e288b4487390d53cdcfc439302_720.jpg
121,17,https://image.idus.com/image/files/0844f4758af846c2a27a2844386b0c38_720.jpg
122,17,https://image.idus.com/image/files/363b71dcffc649139a9a7cce690b2fcf_720.jpg
123,17,https://image.idus.com/image/files/ecbbb6ca642b48ff9d9e7f669aea701b_720.jpg
124,17,https://image.idus.com/image/files/d3debd74bf8a47d2817c15f2561de092_720.jpg
125,17,https://image.idus.com/image/files/d21ae10d8e664b61a38a2674eb6d2493_720.jpg
126,17,https://image.idus.com/image/files/2ba46fb04d9d440eb2ce5ddcf9df0ee6_720.jpg
127,17,https://image.idus.com/image/files/8a54016265434c7e882e93bc3fea5933_720.jpg
128,17,https://image.idus.com/image/files/63a40e5f9f4449c98df520b7d0e26f79_720.jpg
129,18,https://image.idus.com/image/files/fbcb11cffec54290b44010c702aaf5c6_720.jpg
130,18,https://image.idus.com/image/files/933ee3e93c3048cc83a3fc27783cd426_720.jpg
131,18,https://image.idus.com/image/files/919d465265364f1d81e295de73856361_720.jpg
132,18,https://image.idus.com/image/files/661f6e33e39f4f7fb6b24a8b47d46c58_720.jpg
133,18,https://image.idus.com/image/files/19fbd6ad271043fea0171da358625cb8_720.jpg
134,18,https://image.idus.com/image/files/225cbb0451064a0e86ae782546dc8dfc_720.jpg
135,18,https://image.idus.com/image/files/22619b9fb7e34fa58875b2fb1823664d_720.jpg
136,18,https://image.idus.com/image/files/15513ffc38c340adaf66453d18d2d8cf_720.jpg
137,18,https://image.idus.com/image/files/50447f0bc7eb417ab0cb7cc3692d438d_720.jpg
138,19,https://image.idus.com/image/files/5d21df7972e1425892a6b3ecd4417945_720.jpg
139,19,https://image.idus.com/image/files/e2c3ccf2cd7046308ec5e43eff344db6_720.jpg
140,19,https://image.idus.com/image/files/7ede5850aabb4f71a130d2b29c66dd14_720.jpg
141,19,https://image.idus.com/image/files/24e0506aaba442b1b5c1d006c8d81d38_720.jpg
142,19,https://image.idus.com/image/files/98ba1d4b42ed4552a5c3afa1752fb839_720.jpg
143,19,https://image.idus.com/image/files/22e9195c0a754c7d9de7495453d10c2b_720.jpg
144,19,https://image.idus.com/image/files/87752675ddcf4c5190e3666b733668bb_720.jpg
145,20,https://image.idus.com/image/files/6863f9ddceef496c836a16b3fadb258d_720.jpg
146,20,https://image.idus.com/image/files/06aa35506cc343acaef148568db589b7_720.jpg
147,20,https://image.idus.com/image/files/58fb2f3c673c408ea43f703d0895ea40_720.jpg
148,20,https://image.idus.com/image/files/0fda03201789439eb3ad66d0e1ca8ead_720.jpg
149,20,https://image.idus.com/image/files/bfd6246ca2d74f5ca6b2a9e16a5e7eee_720.jpg
150,20,https://image.idus.com/image/files/2d4d947adeda4d8fb24e4797f68984df_720.jpg
151,20,https://image.idus.com/image/files/4d592a41a95d4e21b63bab63dd5eb396_720.jpg
152,20,https://image.idus.com/image/files/6b445bf5a60b45f8b2054c13c05d6a1d_720.jpg
153,20,https://image.idus.com/image/files/db7bdf4b60014f0eb842a47e27bbf214_720.jpg
154,21,https://image.idus.com/image/files/d1d33bc562304a18af53f030147ed1f1_720.jpg
155,21,https://image.idus.com/image/files/5e430be9019c40f2944d4bd46baee6ec_720.jpg
156,21,https://image.idus.com/image/files/f13327b0f46142b4a557e68d3eb9e66e_720.jpg
157,21,https://image.idus.com/image/files/eeaa1ec3f321402b8edb4b456e930c04_720.jpg
158,21,https://image.idus.com/image/files/c9e725d14d084ba4b893b2c1af1f0749_720.jpg
159,22,https://image.idus.com/image/files/73f18243b49d43b6b019cfd12e06747b_720.jpg
160,22,https://image.idus.com/image/files/89a87156582743f784c11ac076e9d1a4_720.jpg
161,22,https://image.idus.com/image/files/2acbc819636f40979ebcdd85df7a97de_720.jpg
162,22,https://image.idus.com/image/files/03c4a28d16b64f00b119ca3125a07aba_720.jpg
163,22,https://image.idus.com/image/files/eb1201a94f774827a262a5fd21e5d4df_720.jpg
164,22,https://image.idus.com/image/files/d817145719ab468399e43ee2dfe468f2_720.jpg
165,22,https://image.idus.com/image/files/86da1070382748808de27bc4415dfd65_720.jpg
166,23,https://image.idus.com/image/files/0d3d0ced4b0545b589d91fd73521dbe1_720.png
167,23,https://image.idus.com/image/files/084ea76e05e64467961190dd9a115f6e_720.png
168,23,https://image.idus.com/image/files/59c2e76b11f741918c023e22bcd950ec_720.png
169,23,https://image.idus.com/image/files/2ff5936e4ae040dba8bdd146d0b0a9aa_720.png
170,23,https://image.idus.com/image/files/5ca4a8032e1f40d889b407afa83657e2_720.png
171,23,https://image.idus.com/image/files/4005059cd0cb467ca5036258e67a277a_720.png
172,23,https://image.idus.com/image/files/f1418e0d32b24ab7a7c98667c7b27a31_720.png
173,23,https://image.idus.com/image/files/697202038beb4116b1f52bd208fbd0e0_720.jpg
174,23,https://image.idus.com/image/files/67f8e155e15340ab8fc83894885ec451_720.png
175,24,https://image.idus.com/image/files/cebb9f3d36c04ef7bea09738ed2aec2c_720.jpg
176,24,https://image.idus.com/image/files/4a45597e733e43f69f5b51b6e61f6c5a_720.jpg
177,24,https://image.idus.com/image/files/05a154643cec4d13bcaec97061c9287f_720.jpg
178,24,https://image.idus.com/image/files/1a8b9a70c33b4ba1bcd1a87177a50833_720.jpg
179,24,https://image.idus.com/image/files/3172ddf53f414f0cb0661cadccfeb1f3_720.jpg
180,24,https://image.idus.com/image/files/473310895fb54fe19d38474b91bc81a3_720.jpg
181,24,https://image.idus.com/image/files/efb879cc45224a40b607f3f903523694_720.jpg
182,25,https://image.idus.com/image/files/eee0ae7f4b3548c5a9b7a543a733371a_720.png
183,25,https://image.idus.com/image/files/e04d0e8f36b64fbdbda60a57631f3fb8_720.jpg
184,25,https://image.idus.com/image/files/1df2ca02d3c64ddea8dbab29135248ca_720.jpg
185,25,https://image.idus.com/image/files/1acb69df306a4985933d41f0db90548a_720.jpg
186,25,https://image.idus.com/image/files/ebde27c35721452ca2d52aa09261c1de_720.jpg
187,25,https://image.idus.com/image/files/abae17937c31477088e9152470d7e025_720.png
188,25,https://image.idus.com/image/files/7e948b7f4e1040f99d65b7690c5a0766_720.jpg
189,25,https://image.idus.com/image/files/28ccb460b002425ea6b077a01f6b8e95_720.jpg
190,26,https://image.idus.com/image/files/3802f4bbed5e47bfb27a302bbb0e16fe_720.jpg
191,26,https://image.idus.com/image/files/26b451608afb4474a9ed22fee7961c7c_720.jpg
192,26,https://image.idus.com/image/files/9ac1d3edc396461e882f349900ecefce_720.jpg
193,26,https://image.idus.com/image/files/10035205552946ecb1e12907f953d231_720.jpg
194,26,https://image.idus.com/image/files/78815aa1431e4befa7545613b8794bce_720.jpg
195,26,https://image.idus.com/image/files/4d08a2924d684fdea43d512875ccec5c_720.jpg
196,26,https://image.idus.com/image/files/066373c73f694ec58070bb15346b18ee_720.jpg
197,27,https://image.idus.com/image/files/4768048cea674358b7372037b39f0f5a_720.png
198,27,https://image.idus.com/image/files/16923dfff30f4e42a2dd964ce3ce75f7_720.jpg
199,27,https://image.idus.com/image/files/9ae6135c230842e280ead563088d6996_720.png
200,27,https://image.idus.com/image/files/3052004006754d55b6d4e8a98446c95f_720.png
201,27,https://image.idus.com/image/files/a520d301cf0f4efa95506304ae04b43f_720.jpg
202,27,https://image.idus.com/image/files/a80910a331354dc2bda286e89cbccbb6_720.jpg
203,27,https://image.idus.com/image/files/60ea4f2515644d8586a022f247ec59f8_720.jpg
204,27,https://image.idus.com/image/files/45b141f67bb84411a155afc6e20b58c2_720.jpg
205,27,https://image.idus.com/image/files/b0f36690e0b14542b2687bf7546af05b_720.jpg
206,28,https://image.idus.com/image/files/5a63049f9bee438d8370f091c8a13562_720.jpg
207,28,https://image.idus.com/image/files/1d0ed11733854d798b3460305b54117f_720.jpg
208,28,https://image.idus.com/image/files/9dcfcc26006c436980c3b61de43c482d_720.jpg
209,28,https://image.idus.com/image/files/fa3b9b7475ef4cf08780530455986fb6_720.jpg
210,28,https://image.idus.com/image/files/6744977920894e0cb832f097d6c2c44b_720.jpg
211,28,https://image.idus.com/image/files/86daa649090a4afcafc23b09c56dc787_720.jpg
212,28,https://image.idus.com/image/files/84cfdd26938e4ba5a49b8764cf5387a9_720.jpg
213,28,https://image.idus.com/image/files/8f2dff9f3af64ff585d25961fbf4c235_720.jpg
214,28,https://image.idus.com/image/files/722f657810704e68ac9990dfa2d4dd99_720.jpg
215,29,https://image.idus.com/image/files/e1fc75ac0c1e42368b38896bec42d0de_720.png
216,29,https://image.idus.com/image/files/3aa6d0f2c38f45c6a0e6f44f52c5c84c_720.png
217,29,https://image.idus.com/image/files/d861d1ba7f404bc5b9acc85426a52a6f_720.png
218,29,https://image.idus.com/image/files/abbc11a6e1424243bdb6aefb8ef0116c_720.png
219,30,https://image.idus.com/image/files/a7ab39097ec44fada2431e92cb260307_720.jpg
220,30,https://image.idus.com/image/files/ea9add68fb1540aba9259f5dd2c9e627_720.jpg
221,30,https://image.idus.com/image/files/c86f91a3d506476d8e3f8b34a9b615d5_720.jpg
222,30,https://image.idus.com/image/files/55c49ee87ec7419fb125a69ee51f3356_720.jpg
223,30,https://image.idus.com/image/files/15feba76f1bd4d7493d74fced34463e9_720.jpg
224,30,https://image.idus.com/image/files/627baad65fbf4fe88e5a4fc3b78f34ba_720.jpg
225,30,https://image.idus.com/image/files/10e32b267bf3473b9ec8ad0933da7637_720.jpg
226,30,https://image.idus.com/image/files/5a08d0454e8044269910f5fea91dc290_720.jpg
227,30,https://image.idus.com/image/files/cf204988904842a8b7add1ac81fc0140_720.jpg
228,31,https://image.idus.com/image/files/ea256e9c726045c9ac0279f87f039f68_720.png
229,31,https://image.idus.com/image/files/c6d88cdffedf455e8a86297aba955c9c_720.jpg
230,31,https://image.idus.com/image/files/022e9c771aef430bbe0126ef009f1a20_720.jpg
231,31,https://image.idus.com/image/files/ed2cc46f61fc43b08ccb06fca0e702b7_720.png
232,31,https://image.idus.com/image/files/8fec749ef57b4b00860c927528246457_720.png
233,31,https://image.idus.com/image/files/870a799c1bdb4acc86fa36755aabfaca_720.png
234,31,https://image.idus.com/image/files/8d1d817a147f402291899f1b3877d7c9_720.png
235,31,https://image.idus.com/image/files/4b1c70015c3b4ef0a7300288e8429dc5_720.jpg
236,31,https://image.idus.com/image/files/d7c308d1f2e64a8ab8d7040d301e3610_720.jpg
237,32,https://image.idus.com/image/files/9d9ee67fa70340a39e65ff2120567483_720.png
238,32,https://image.idus.com/image/files/bc63152da2e64c2cb9cc935982ddbcd6_720.png
239,32,https://image.idus.com/image/files/511dce3e3b974dae857ea59923f5dd47_720.png
240,32,https://image.idus.com/image/files/81dce6236c344ce1bf0f2a6a97a647f3_720.jpg
241,32,https://image.idus.com/image/files/420abe033e1949eab910be007b6158a1_720.jpg
242,32,https://image.idus.com/image/files/889e5b6ecdfa4275a563d8e9bebb2e22_720.png
243,32,https://image.idus.com/image/files/08c9140907ec4eea8b72b36161e5e61b_720.png
244,32,https://image.idus.com/image/files/97e9988bf2084303ba7cf58418d32ad1_720.png
245,33,https://image.idus.com/image/files/255a85e9ea444739a58f0b5bb14fe746_720.jpg
246,33,https://image.idus.com/image/files/1cb9c7168b9a4991a5792149990693ff_720.jpg
247,33,https://image.idus.com/image/files/7d59a812ebbc4b0bb7333ba6623fdd9f_720.jpg
248,33,https://image.idus.com/image/files/043fedbf12f24645baba1c32d0333cfa_720.jpg
249,33,https://image.idus.com/image/files/cee3beba83f642eab4e5484ec3bfcd46_720.png
250,33,https://image.idus.com/image/files/56baae70aa7642a8928ac9e3feb4b8fd_720.jpg
251,33,https://image.idus.com/image/files/22d1b0a33528485d97abd8aa3f345586_720.jpg
252,33,https://image.idus.com/image/files/c7bd7aa1236640b99c88a35ba44f077f_720.jpg
253,33,https://image.idus.com/image/files/cb55c5eb6bb0469e90669429b8a1c0a3_720.jpg
254,34,https://image.idus.com/image/files/4c61611259c642f88a9d888f0751a3c3_720.jpg
255,34,https://image.idus.com/image/files/f92356922a484589a0e21545f6ada2b1_720.jpg
256,34,https://image.idus.com/image/files/5333dc4f33cd4ab2877ec2d71a7c6962_720.jpg
257,34,https://image.idus.com/image/files/86310fa56de44aa989f0e3eb0644118f_720.jpg
258,34,https://image.idus.com/image/files/503458f149754e13bd8ce61404bbe258_720.jpg
259,34,https://image.idus.com/image/files/da9dc36316bf4740bed8ef8bf1ffd4b7_720.jpg
260,34,https://image.idus.com/image/files/10c2f984fa0d4b04a133ab22c1451d68_720.jpg
261,34,https://image.idus.com/image/files/c3b79b0b516249a5a5acfd59190bd784_720.jpg
262,34,https://image.idus.com/image/files/0b1669afc84143f08e7cb051db0d753e_720.jpg
263,35,https://image.idus.com/image/files/7b9b371293814f1d869975a40325aab7_720.png
264,35,https://image.idus.com/image/files/b905ddd5831e4605a8c4787690a3460e_720.jpg
265,35,https://image.idus.com/image/files/2ba8fb7bf5b54c1abfb204a624d9946b_720.png
266,35,https://image.idus.com/image/files/48376ea3a47c4bf2b9caa0c820aa9373_720.jpg
267,35,https://image.idus.com/image/files/8ba3fcd044c7453da9cf634514917614_720.jpg
268,35,https://image.idus.com/image/files/3871d018b9114efdbc9dd975f192876c_720.png
269,36,https://image.idus.com/image/files/eed604a7bb72482e9851868e139bd720_720.jpg
270,36,https://image.idus.com/image/files/2ffe5333035541fe963a3b5985fc5e81_720.png
271,36,https://image.idus.com/image/files/127eac94b1a4498e9970c8456da02846_720.jpg
272,36,https://image.idus.com/image/files/4cbeef25ada945be9408145c6b9d913d_720.jpg
273,36,https://image.idus.com/image/files/c0755d896eb04754ac889dc6806eb702_720.jpg
274,36,https://image.idus.com/image/files/671e45401f7f442badd865155de29695_720.jpg
275,36,https://image.idus.com/image/files/2985c919cc8541549e5ffe87a57ed90d_720.jpg
276,36,https://image.idus.com/image/files/a32a339d4f754cd88d917c4823bc5d06_720.jpg
277,36,https://image.idus.com/image/files/46e7dc8db2724bfabb538c57708f8dc3_720.png
278,37,https://image.idus.com/image/files/e324291a01b54d8cbec6011d8528fb40_720.jpg
279,37,https://image.idus.com/image/files/94c5abdf33a94dfbbcb37732722430d1_720.jpg
280,37,https://image.idus.com/image/files/d1445ed06ea2432da05c5adb82569692_720.jpg
281,37,https://image.idus.com/image/files/f5efdcd42b9147abbbfae7a3e9c81c91_720.jpg
282,37,https://image.idus.com/image/files/91496bfdde0a49ba9882ddc939595547_720.jpg
283,37,https://image.idus.com/image/files/53eaa112bf574b558dd5a1d59c76d253_720.jpg
284,37,https://image.idus.com/image/files/c9d776e1bbfa461ea2c588ad2f0922a7_720.jpg
285,37,https://image.idus.com/image/files/814014461d444796babf13fc00eb62dd_720.jpg
286,37,https://image.idus.com/image/files/c2bcf39ab247446db05712211af06ec6_720.jpg
287,38,https://image.idus.com/image/files/87c04ae88dae402888db4878aa4de8b3_720.jpg
288,38,https://image.idus.com/image/files/bd8bec0e3b1740a98b35ec60dc6edd2c_720.jpg
289,38,https://image.idus.com/image/files/70ddef1fdfb845abbe8393dd55f8fe14_720.jpg
290,38,https://image.idus.com/image/files/8568c2f481fb45cd9ed20304d10ede47_720.jpg
291,38,https://image.idus.com/image/files/aa694087f93a49228a9f1c4944be7d60_720.jpg
292,38,https://image.idus.com/image/files/5722aa9b914f4718a815c6f9ecbb871c_720.jpg
293,38,https://image.idus.com/image/files/1a81e3debe074dddb815163087e822b0_720.jpg
294,38,https://image.idus.com/image/files/0b4abd15ea984353a94e49ca1ff6618e_720.jpg
295,38,https://image.idus.com/image/files/55757806d96d4f1fba44f4e3b347bcf0_720.jpg
296,39,https://image.idus.com/image/files/5649cb128b4f4cbb8ba25bda33a05b91_720.jpg
297,39,https://image.idus.com/image/files/ef7cd50ae10d4677a9280814cbe44904_720.jpg
298,39,https://image.idus.com/image/files/7d3fd0c3775f4b7fa8ad000bc66e789e_720.jpg
299,39,https://image.idus.com/image/files/b3c46844ab5b4bf897532bc8e3f06420_720.jpg
300,39,https://image.idus.com/image/files/92a6477d25eb46dfb09fb8972db2f3c1_720.jpg
301,39,https://image.idus.com/image/files/cd028f5d521a4bd08183e959365076da_720.jpg
302,39,https://image.idus.com/image/files/7b26baa48fe7443d9c171de891b8c91c_720.jpg
303,40,https://image.idus.com/image/files/bd9f567ba0394e6c91c20478a120a42e_720.jpg
304,40,https://image.idus.com/image/files/e935771a76194790a221278542c69f54_720.jpg
305,40,https://image.idus.com/image/files/16ab3d7f013b47f7b0fa7f4d20f6c225_720.jpg
306,40,https://image.idus.com/image/files/e03a2e99d33340a5853ebb2f933322a3_720.jpg
307,40,https://image.idus.com/image/files/c10cec13e8224345b5b273ed5315395c_720.jpg
308,40,https://image.idus.com/image/files/982bcfc54f2b4e3eabc9971a4276549d_720.jpg
309,40,https://image.idus.com/image/files/1abe710f33524ec7a9b67ad241bd8e29_720.jpg
310,40,https://image.idus.com/image/files/1f4c4c9192e545e087b53363613e228d_720.jpg
311,40,https://image.idus.com/image/files/9a89b4855b154c66b21831353dc5a3ae_720.jpg
312,41,https://image.idus.com/image/files/8406d6f4a2884d9bbb7444719a68392e_720.jpg
313,41,https://image.idus.com/image/files/9f7ee2c7cc9b45eab38abe03a0e33adb_720.jpg
314,41,https://image.idus.com/image/files/f85d076ad37945769187790fa67d94e4_720.jpg
315,41,https://image.idus.com/image/files/254a461da53c48fbbe944a431a1ee5ae_720.jpg
316,41,https://image.idus.com/image/files/116b184141984310bd840d147a3cdc90_720.jpg
317,41,https://image.idus.com/image/files/da2fb749162c454687e85b70601e08ec_720.jpg
318,41,https://image.idus.com/image/files/c5bfb4fd1bf6475899f1586071fa024c_720.jpg
319,41,https://image.idus.com/image/files/049e039cc15f46029eb89dfb7575ef2e_720.jpg
320,41,https://image.idus.com/image/files/dbff6924845548808f744d3b08549efc_720.jpg
321,42,https://image.idus.com/image/files/9d2e8699217944b6b211f7f2b31db295_720.jpg
322,42,https://image.idus.com/image/files/d6d6dd56667748a29e21680896abb788_720.jpg
323,42,https://image.idus.com/image/files/9a1bf9920f154fb78b12ebad7ea10a72_720.jpg
324,42,https://image.idus.com/image/files/bf8bfb1d4e2542c2ab3c9f213856d980_720.jpg
325,42,https://image.idus.com/image/files/3804b706ade34fdeb732517f3c2e9cff_720.jpg
326,42,https://image.idus.com/image/files/d95cffcc1f73422da6f0390ce20f84ed_720.jpg
327,43,https://image.idus.com/image/files/ca07e43f07da4076bbdd6acd4ff51f19_720.jpg
328,43,https://image.idus.com/image/files/e3c06ed67bd34970bef027c29c14c16f_720.jpg
329,43,https://image.idus.com/image/files/345a2c6bad314224ba5217f71ed5c4b4_720.jpg
330,43,https://image.idus.com/image/files/6287b9e7808b41b8a7f0e39067d063d4_720.jpg
331,43,https://image.idus.com/image/files/9c980de5e621477480845f55c0ec9845_720.jpg
332,43,https://image.idus.com/image/files/64aac15dfeb545d0bd36d20c65296ba8_720.jpg
333,43,https://image.idus.com/image/files/ba4add942a3e42719d3e8f562f6dfa73_720.jpg
334,43,https://image.idus.com/image/files/e42a99485585401bb4b96fb52f98d84c_720.jpg
335,43,https://image.idus.com/image/files/5f5f23ca1bc4462c9fcce81a4a72a75c_720.jpg
336,44,https://image.idus.com/image/files/ea89d10bda5e43bab81ee0c4f3379c50_720.png
337,44,https://image.idus.com/image/files/67fe63bf8bc54be29d80b66be10be943_720.png
338,44,https://image.idus.com/image/files/1e14f322f9234231b2dceb0419d2ea66_720.png
339,44,https://image.idus.com/image/files/ce0a4471c75647d8bba80eddf94d8f38_720.png
340,44,https://image.idus.com/image/files/74b0f54c3d674064a92616902feddcbb_720.png
